tagID,animateType,name,tagAddr,no,interval
TAG_1,changeImageGroup,ALL_1_1_SG,http://192.168.245.3:9898/monitor/lighting/1,1,NULL
TAG_1_0_1,changeImageGroup,untitle_1_1_0_1_T,http://192.168.245.3:9898/monitor/lighting/1_0_1,2,NULL
TAG_1_0_2,changeImageGroup,untitle_1_1_0_2_T,http://192.168.245.3:9898/monitor/lighting/1_0_2,3,NULL
TAG_1_0_3,changeImageGroup,untitle_1_1_0_3_T,http://192.168.245.3:9898/monitor/lighting/1_0_3,4,NULL
TAG_1_0_4,changeImageGroup,untitle_1_1_0_4_T,http://192.168.245.3:9898/monitor/lighting/1_0_4,5,NULL
TAG_1_1_G,changeImageGroup,ALL_1_1_1_G,http://192.168.245.3:9898/monitor/lighting/1_1,6,NULL
TAG_1_1_P,changeImageGroup,ALL_1_1_1_P,http://192.168.245.3:9898/monitor/lighting/1_1,7,NULL
TAG_1_1_1,changeImageGroup,F02_1_1_1_1_T,http://192.168.245.3:9898/monitor/lighting/1_1_1,8,NULL
TAG_1_1_2,changeImageGroup,F02_1_1_1_2_T,http://192.168.245.3:9898/monitor/lighting/1_1_2,9,NULL
TAG_1_1_3,changeImageGroup,F02_1_1_1_3_T,http://192.168.245.3:9898/monitor/lighting/1_1_3,10,NULL
TAG_1_1_4,changeImageGroup,F02_1_1_1_4_T,http://192.168.245.3:9898/monitor/lighting/1_1_4,11,NULL
TAG_1_10_1,changeImageGroup,F02_1_1_10_1_T,http://192.168.245.3:9898/monitor/lighting/1_10_1,12,NULL
TAG_1_10_2,changeImageGroup,F02_1_1_10_2_T,http://192.168.245.3:9898/monitor/lighting/1_10_2,13,NULL
TAG_1_10_3,changeImageGroup,F02_1_1_10_3_T,http://192.168.245.3:9898/monitor/lighting/1_10_3,14,NULL
TAG_1_10_4,changeImageGroup,F02_1_1_10_4_T,http://192.168.245.3:9898/monitor/lighting/1_10_4,15,NULL
TAG_1_11_1,changeImageGroup,F02_1_1_11_1_T,http://192.168.245.3:9898/monitor/lighting/1_11_1,16,NULL
TAG_1_11_2,changeImageGroup,F02_1_1_11_2_T,http://192.168.245.3:9898/monitor/lighting/1_11_2,17,NULL
TAG_1_11_3,changeImageGroup,F02_1_1_11_3_T,http://192.168.245.3:9898/monitor/lighting/1_11_3,18,NULL
TAG_1_11_4,changeImageGroup,F02_1_1_11_4_T,http://192.168.245.3:9898/monitor/lighting/1_11_4,19,NULL
TAG_1_12_1,changeImageGroup,F02_1_1_12_1_T,http://192.168.245.3:9898/monitor/lighting/1_12_1,20,NULL
TAG_1_12_2,changeImageGroup,F02_1_1_12_2_T,http://192.168.245.3:9898/monitor/lighting/1_12_2,21,NULL
TAG_1_12_3,changeImageGroup,F02_1_1_12_3_T,http://192.168.245.3:9898/monitor/lighting/1_12_3,22,NULL
TAG_1_12_4,changeImageGroup,F02_1_1_12_4_T,http://192.168.245.3:9898/monitor/lighting/1_12_4,23,NULL
TAG_1_13_1,changeImageGroup,untitle_1_1_13_1_T,http://192.168.245.3:9898/monitor/lighting/1_13_1,24,NULL
TAG_1_13_2,changeImageGroup,F02_1_1_13_2_T,http://192.168.245.3:9898/monitor/lighting/1_13_2,25,NULL
TAG_1_13_3,changeImageGroup,F02_1_1_13_3_T,http://192.168.245.3:9898/monitor/lighting/1_13_3,26,NULL
TAG_1_13_4,changeImageGroup,F02_1_1_13_4_T,http://192.168.245.3:9898/monitor/lighting/1_13_4,27,NULL
TAG_1_14_1,changeImageGroup,untitle_1_1_14_1_T,http://192.168.245.3:9898/monitor/lighting/1_14_1,28,NULL
TAG_1_14_2,changeImageGroup,F02_1_1_14_2_T,http://192.168.245.3:9898/monitor/lighting/1_14_2,29,NULL
TAG_1_14_3,changeImageGroup,F02_1_1_14_3_T,http://192.168.245.3:9898/monitor/lighting/1_14_3,30,NULL
TAG_1_14_4,changeImageGroup,F02_1_1_14_4_T,http://192.168.245.3:9898/monitor/lighting/1_14_4,31,NULL
TAG_1_15_1,changeImageGroup,F02_1_1_15_1_T,http://192.168.245.3:9898/monitor/lighting/1_15_1,32,NULL
TAG_1_15_2,changeImageGroup,F02_1_1_15_2_T,http://192.168.245.3:9898/monitor/lighting/1_15_2,33,NULL
TAG_1_15_3,changeImageGroup,F02_1_1_15_3_T,http://192.168.245.3:9898/monitor/lighting/1_15_3,34,NULL
TAG_1_15_4,changeImageGroup,F02_1_1_15_4_T,http://192.168.245.3:9898/monitor/lighting/1_15_4,35,NULL
TAG_1_16_1,changeImageGroup,F02_1_1_16_1_T,http://192.168.245.3:9898/monitor/lighting/1_16_1,36,NULL
TAG_1_16_2,changeImageGroup,F02_1_1_16_2_T,http://192.168.245.3:9898/monitor/lighting/1_16_2,37,NULL
TAG_1_16_3,changeImageGroup,F02_1_1_16_3_T,http://192.168.245.3:9898/monitor/lighting/1_16_3,38,NULL
TAG_1_16_4,changeImageGroup,F02_1_1_16_4_T,http://192.168.245.3:9898/monitor/lighting/1_16_4,39,NULL
TAG_1_17_1,changeImageGroup,F02_1_1_17_1_T,http://192.168.245.3:9898/monitor/lighting/1_17_1,40,NULL
TAG_1_17_2,changeImageGroup,F02_1_1_17_2_T,http://192.168.245.3:9898/monitor/lighting/1_17_2,41,NULL
TAG_1_17_3,changeImageGroup,F02_1_1_17_3_T,http://192.168.245.3:9898/monitor/lighting/1_17_3,42,NULL
TAG_1_17_4,changeImageGroup,F02_1_1_17_4_T,http://192.168.245.3:9898/monitor/lighting/1_17_4,43,NULL
TAG_1_18_1,changeImageGroup,untitle_1_1_18_1_T,http://192.168.245.3:9898/monitor/lighting/1_18_1,44,NULL
TAG_1_18_2,changeImageGroup,F02_1_1_18_2_T,http://192.168.245.3:9898/monitor/lighting/1_18_2,45,NULL
TAG_1_18_3,changeImageGroup,F02_1_1_18_3_T,http://192.168.245.3:9898/monitor/lighting/1_18_3,46,NULL
TAG_1_18_4,changeImageGroup,F02_1_1_18_4_T,http://192.168.245.3:9898/monitor/lighting/1_18_4,47,NULL
TAG_1_19_1,changeImageGroup,F02_1_1_19_1_T,http://192.168.245.3:9898/monitor/lighting/1_19_1,48,NULL
TAG_1_19_2,changeImageGroup,F02_1_1_19_2_T,http://192.168.245.3:9898/monitor/lighting/1_19_2,49,NULL
TAG_1_19_3,changeImageGroup,F02_1_1_19_3_T,http://192.168.245.3:9898/monitor/lighting/1_19_3,50,NULL
TAG_1_19_4,changeImageGroup,F02_1_1_19_4_T,http://192.168.245.3:9898/monitor/lighting/1_19_4,51,NULL
TAG_1_2_G,changeImageGroup,ALL_1_1_2_G,http://192.168.245.3:9898/monitor/lighting/1_2,52,NULL
TAG_1_2_P,changeImageGroup,ALL_1_1_2_P,http://192.168.245.3:9898/monitor/lighting/1_2,53,NULL
TAG_1_2_1,changeImageGroup,F02_1_1_2_1_T,http://192.168.245.3:9898/monitor/lighting/1_2_1,54,NULL
TAG_1_2_2,changeImageGroup,F02_1_1_2_2_T,http://192.168.245.3:9898/monitor/lighting/1_2_2,55,NULL
TAG_1_2_3,changeImageGroup,F02_1_1_2_3_T,http://192.168.245.3:9898/monitor/lighting/1_2_3,56,NULL
TAG_1_2_4,changeImageGroup,F02_1_1_2_4_T,http://192.168.245.3:9898/monitor/lighting/1_2_4,57,NULL
TAG_1_20_1,changeImageGroup,F02_1_1_20_1_T,http://192.168.245.3:9898/monitor/lighting/1_20_1,58,NULL
TAG_1_20_2,changeImageGroup,F02_1_1_20_2_T,http://192.168.245.3:9898/monitor/lighting/1_20_2,59,NULL
TAG_1_20_3,changeImageGroup,F02_1_1_20_3_T,http://192.168.245.3:9898/monitor/lighting/1_20_3,60,NULL
TAG_1_20_4,changeImageGroup,F02_1_1_20_4_T,http://192.168.245.3:9898/monitor/lighting/1_20_4,61,NULL
TAG_1_21_1,changeImageGroup,F02_1_1_21_1_T,http://192.168.245.3:9898/monitor/lighting/1_21_1,62,NULL
TAG_1_21_2,changeImageGroup,F02_1_1_21_2_T,http://192.168.245.3:9898/monitor/lighting/1_21_2,63,NULL
TAG_1_21_3,changeImageGroup,F02_1_1_21_3_T,http://192.168.245.3:9898/monitor/lighting/1_21_3,64,NULL
TAG_1_21_4,changeImageGroup,F02_1_1_21_4_T,http://192.168.245.3:9898/monitor/lighting/1_21_4,65,NULL
TAG_1_22_1,changeImageGroup,F02_1_1_22_1_T,http://192.168.245.3:9898/monitor/lighting/1_22_1,66,NULL
TAG_1_22_2,changeImageGroup,F02_1_1_22_2_T,http://192.168.245.3:9898/monitor/lighting/1_22_2,67,NULL
TAG_1_22_3,changeImageGroup,F02_1_1_22_3_T,http://192.168.245.3:9898/monitor/lighting/1_22_3,68,NULL
TAG_1_22_4,changeImageGroup,F02_1_1_22_4_T,http://192.168.245.3:9898/monitor/lighting/1_22_4,69,NULL
TAG_1_23_1,changeImageGroup,F02_1_1_23_1_T,http://192.168.245.3:9898/monitor/lighting/1_23_1,70,NULL
TAG_1_23_2,changeImageGroup,F02_1_1_23_2_T,http://192.168.245.3:9898/monitor/lighting/1_23_2,71,NULL
TAG_1_23_3,changeImageGroup,F02_1_1_23_3_T,http://192.168.245.3:9898/monitor/lighting/1_23_3,72,NULL
TAG_1_23_4,changeImageGroup,F02_1_1_23_4_T,http://192.168.245.3:9898/monitor/lighting/1_23_4,73,NULL
TAG_1_24_1,changeImageGroup,F02_1_1_24_1_T,http://192.168.245.3:9898/monitor/lighting/1_24_1,74,NULL
TAG_1_24_2,changeImageGroup,F02_1_1_24_2_T,http://192.168.245.3:9898/monitor/lighting/1_24_2,75,NULL
TAG_1_24_3,changeImageGroup,F02_1_1_24_3_T,http://192.168.245.3:9898/monitor/lighting/1_24_3,76,NULL
TAG_1_24_4,changeImageGroup,F02_1_1_24_4_T,http://192.168.245.3:9898/monitor/lighting/1_24_4,77,NULL
TAG_1_25_1,changeImageGroup,F02_1_1_25_1_T,http://192.168.245.3:9898/monitor/lighting/1_25_1,78,NULL
TAG_1_25_2,changeImageGroup,F02_1_1_25_2_T,http://192.168.245.3:9898/monitor/lighting/1_25_2,79,NULL
TAG_1_25_3,changeImageGroup,F02_1_1_25_3_T,http://192.168.245.3:9898/monitor/lighting/1_25_3,80,NULL
TAG_1_25_4,changeImageGroup,F02_1_1_25_4_T,http://192.168.245.3:9898/monitor/lighting/1_25_4,81,NULL
TAG_1_26_1,changeImageGroup,F01_1_1_26_1_T,http://192.168.245.3:9898/monitor/lighting/1_26_1,82,NULL
TAG_1_26_2,changeImageGroup,F01_1_1_26_2_T,http://192.168.245.3:9898/monitor/lighting/1_26_2,83,NULL
TAG_1_26_3,changeImageGroup,F01_1_1_26_3_T,http://192.168.245.3:9898/monitor/lighting/1_26_3,84,NULL
TAG_1_26_4,changeImageGroup,F01_1_1_26_4_T,http://192.168.245.3:9898/monitor/lighting/1_26_4,85,NULL
TAG_1_27_1,changeImageGroup,F01_1_1_27_1_T,http://192.168.245.3:9898/monitor/lighting/1_27_1,86,NULL
TAG_1_27_2,changeImageGroup,F01_1_1_27_2_T,http://192.168.245.3:9898/monitor/lighting/1_27_2,87,NULL
TAG_1_27_3,changeImageGroup,F01_1_1_27_3_T,http://192.168.245.3:9898/monitor/lighting/1_27_3,88,NULL
TAG_1_27_4,changeImageGroup,F01_1_1_27_4_T,http://192.168.245.3:9898/monitor/lighting/1_27_4,89,NULL
TAG_1_28_1,changeImageGroup,F01_1_1_28_1_T,http://192.168.245.3:9898/monitor/lighting/1_28_1,90,NULL
TAG_1_28_2,changeImageGroup,F01_1_1_28_2_T,http://192.168.245.3:9898/monitor/lighting/1_28_2,91,NULL
TAG_1_28_3,changeImageGroup,F01_1_1_28_3_T,http://192.168.245.3:9898/monitor/lighting/1_28_3,92,NULL
TAG_1_28_4,changeImageGroup,F01_1_1_28_4_T,http://192.168.245.3:9898/monitor/lighting/1_28_4,93,NULL
TAG_1_29_1,changeImageGroup,untitle_1_1_29_1_T,http://192.168.245.3:9898/monitor/lighting/1_29_1,94,NULL
TAG_1_29_2,changeImageGroup,F01_1_1_29_2_T,http://192.168.245.3:9898/monitor/lighting/1_29_2,95,NULL
TAG_1_29_3,changeImageGroup,F01_1_1_29_3_T,http://192.168.245.3:9898/monitor/lighting/1_29_3,96,NULL
TAG_1_29_4,changeImageGroup,F01_1_1_29_4_T,http://192.168.245.3:9898/monitor/lighting/1_29_4,97,NULL
TAG_1_3,changeImageGroup,ALL_1_1_3_G,http://192.168.245.3:9898/monitor/lighting/1_3,98,NULL
TAG_1_3_1,changeImageGroup,F02_1_1_3_1_T,http://192.168.245.3:9898/monitor/lighting/1_3_1,99,NULL
TAG_1_3_2,changeImageGroup,untitle_1_1_3_2_T,http://192.168.245.3:9898/monitor/lighting/1_3_2,100,NULL
TAG_1_3_3,changeImageGroup,F02_1_1_3_3_T,http://192.168.245.3:9898/monitor/lighting/1_3_3,101,NULL
TAG_1_3_4,changeImageGroup,F02_1_1_3_4_T,http://192.168.245.3:9898/monitor/lighting/1_3_4,102,NULL
TAG_1_30_1,changeImageGroup,ALL_1_1_30_1_T,http://192.168.245.3:9898/monitor/lighting/1_30_1,103,NULL
TAG_1_30_2,changeImageGroup,F01_1_1_30_2_T,http://192.168.245.3:9898/monitor/lighting/1_30_2,104,NULL
TAG_1_30_3,changeImageGroup,ALL_1_1_30_3_T,http://192.168.245.3:9898/monitor/lighting/1_30_3,105,NULL
TAG_1_30_4,changeImageGroup,F01_1_1_30_4_T,http://192.168.245.3:9898/monitor/lighting/1_30_4,106,NULL
TAG_1_31_1,changeImageGroup,F01_1_1_31_1_T,http://192.168.245.3:9898/monitor/lighting/1_31_1,107,NULL
TAG_1_31_2,changeImageGroup,F01_1_1_31_2_T,http://192.168.245.3:9898/monitor/lighting/1_31_2,108,NULL
TAG_1_31_3,changeImageGroup,F01_1_1_31_3_T,http://192.168.245.3:9898/monitor/lighting/1_31_3,109,NULL
TAG_1_31_4,changeImageGroup,F01_1_1_31_4_T,http://192.168.245.3:9898/monitor/lighting/1_31_4,110,NULL
TAG_1_32_1,changeImageGroup,F01_1_1_32_1_T,http://192.168.245.3:9898/monitor/lighting/1_32_1,111,NULL
TAG_1_32_2,changeImageGroup,F01_1_1_32_2_T,http://192.168.245.3:9898/monitor/lighting/1_32_2,112,NULL
TAG_1_32_3,changeImageGroup,F01_1_1_32_3_T,http://192.168.245.3:9898/monitor/lighting/1_32_3,113,NULL
TAG_1_32_4,changeImageGroup,F01_1_1_32_4_T,http://192.168.245.3:9898/monitor/lighting/1_32_4,114,NULL
TAG_1_33_1,changeImageGroup,F01_1_1_33_1_T,http://192.168.245.3:9898/monitor/lighting/1_33_1,115,NULL
TAG_1_33_2,changeImageGroup,F01_1_1_33_2_T,http://192.168.245.3:9898/monitor/lighting/1_33_2,116,NULL
TAG_1_33_3,changeImageGroup,F01_1_1_33_3_T,http://192.168.245.3:9898/monitor/lighting/1_33_3,117,NULL
TAG_1_33_4,changeImageGroup,F01_1_1_33_4_T,http://192.168.245.3:9898/monitor/lighting/1_33_4,118,NULL
TAG_1_34_1,changeImageGroup,F01_1_1_34_1_T,http://192.168.245.3:9898/monitor/lighting/1_34_1,119,NULL
TAG_1_34_2,changeImageGroup,F01_1_1_34_2_T,http://192.168.245.3:9898/monitor/lighting/1_34_2,120,NULL
TAG_1_34_3,changeImageGroup,F01_1_1_34_3_T,http://192.168.245.3:9898/monitor/lighting/1_34_3,121,NULL
TAG_1_34_4,changeImageGroup,F01_1_1_34_4_T,http://192.168.245.3:9898/monitor/lighting/1_34_4,122,NULL
TAG_1_35_1,changeImageGroup,F03_1_1_35_1_T,http://192.168.245.3:9898/monitor/lighting/1_35_1,123,NULL
TAG_1_35_2,changeImageGroup,F03_1_1_35_2_T,http://192.168.245.3:9898/monitor/lighting/1_35_2,124,NULL
TAG_1_35_3,changeImageGroup,F03_1_1_35_3_T,http://192.168.245.3:9898/monitor/lighting/1_35_3,125,NULL
TAG_1_35_4,changeImageGroup,F03_1_1_35_4_T,http://192.168.245.3:9898/monitor/lighting/1_35_4,126,NULL
TAG_1_36_1,changeImageGroup,F03_1_1_36_1_T,http://192.168.245.3:9898/monitor/lighting/1_36_1,127,NULL
TAG_1_36_2,changeImageGroup,F03_1_1_36_2_T,http://192.168.245.3:9898/monitor/lighting/1_36_2,128,NULL
TAG_1_36_3,changeImageGroup,F03_1_1_36_3_T,http://192.168.245.3:9898/monitor/lighting/1_36_3,129,NULL
TAG_1_36_4,changeImageGroup,F03_1_1_36_4_T,http://192.168.245.3:9898/monitor/lighting/1_36_4,130,NULL
TAG_1_37_1,changeImageGroup,F03_1_1_37_1_T,http://192.168.245.3:9898/monitor/lighting/1_37_1,131,NULL
TAG_1_37_2,changeImageGroup,F03_1_1_37_2_T,http://192.168.245.3:9898/monitor/lighting/1_37_2,132,NULL
TAG_1_37_3,changeImageGroup,F03_1_1_37_3_T,http://192.168.245.3:9898/monitor/lighting/1_37_3,133,NULL
TAG_1_37_4,changeImageGroup,F03_1_1_37_4_T,http://192.168.245.3:9898/monitor/lighting/1_37_4,134,NULL
TAG_1_38_1,changeImageGroup,F03_1_1_38_1_T,http://192.168.245.3:9898/monitor/lighting/1_38_1,135,NULL
TAG_1_38_2,changeImageGroup,F03_1_1_38_2_T,http://192.168.245.3:9898/monitor/lighting/1_38_2,136,NULL
TAG_1_38_3,changeImageGroup,F03_1_1_38_3_T,http://192.168.245.3:9898/monitor/lighting/1_38_3,137,NULL
TAG_1_38_4,changeImageGroup,F03_1_1_38_4_T,http://192.168.245.3:9898/monitor/lighting/1_38_4,138,NULL
TAG_1_39_1,changeImageGroup,F03_1_1_39_1_T,http://192.168.245.3:9898/monitor/lighting/1_39_1,139,NULL
TAG_1_39_2,changeImageGroup,F03_1_1_39_2_T,http://192.168.245.3:9898/monitor/lighting/1_39_2,140,NULL
TAG_1_39_3,changeImageGroup,F03_1_1_39_3_T,http://192.168.245.3:9898/monitor/lighting/1_39_3,141,NULL
TAG_1_39_4,changeImageGroup,F03_1_1_39_4_T,http://192.168.245.3:9898/monitor/lighting/1_39_4,142,NULL
TAG_1_4,changeImageGroup,ALL_1_1_4_G,http://192.168.245.3:9898/monitor/lighting/1_4,143,NULL
TAG_1_4_1,changeImageGroup,F02_1_1_4_1_T,http://192.168.245.3:9898/monitor/lighting/1_4_1,144,NULL
TAG_1_4_2,changeImageGroup,F02_1_1_4_2_T,http://192.168.245.3:9898/monitor/lighting/1_4_2,145,NULL
TAG_1_4_3,changeImageGroup,F02_1_1_4_3_T,http://192.168.245.3:9898/monitor/lighting/1_4_3,146,NULL
TAG_1_4_4,changeImageGroup,F02_1_1_4_4_T,http://192.168.245.3:9898/monitor/lighting/1_4_4,147,NULL
TAG_1_40_1,changeImageGroup,F03_1_1_40_1_T,http://192.168.245.3:9898/monitor/lighting/1_40_1,148,NULL
TAG_1_40_2,changeImageGroup,F03_1_1_40_2_T,http://192.168.245.3:9898/monitor/lighting/1_40_2,149,NULL
TAG_1_40_3,changeImageGroup,F03_1_1_40_3_T,http://192.168.245.3:9898/monitor/lighting/1_40_3,150,NULL
TAG_1_40_4,changeImageGroup,F03_1_1_40_4_T,http://192.168.245.3:9898/monitor/lighting/1_40_4,151,NULL
TAG_1_41_1,changeImageGroup,F03_1_1_41_1_T,http://192.168.245.3:9898/monitor/lighting/1_41_1,152,NULL
TAG_1_41_2,changeImageGroup,F03_1_1_41_2_T,http://192.168.245.3:9898/monitor/lighting/1_41_2,153,NULL
TAG_1_41_3,changeImageGroup,F03_1_1_41_3_T,http://192.168.245.3:9898/monitor/lighting/1_41_3,154,NULL
TAG_1_41_4,changeImageGroup,untitle_1_1_41_4_T,http://192.168.245.3:9898/monitor/lighting/1_41_4,155,NULL
TAG_1_42_1,changeImageGroup,untitle_1_1_42_1_T,http://192.168.245.3:9898/monitor/lighting/1_42_1,156,NULL
TAG_1_42_2,changeImageGroup,untitle_1_1_42_2_T,http://192.168.245.3:9898/monitor/lighting/1_42_2,157,NULL
TAG_1_42_3,changeImageGroup,F01_1_1_42_3_T,http://192.168.245.3:9898/monitor/lighting/1_42_3,158,NULL
TAG_1_42_4,changeImageGroup,untitle_1_1_42_4_T,http://192.168.245.3:9898/monitor/lighting/1_42_4,159,NULL
TAG_1_43_1,changeImageGroup,F02_1_1_43_1_T,http://192.168.245.3:9898/monitor/lighting/1_43_1,160,NULL
TAG_1_43_2,changeImageGroup,F02_1_1_43_2_T,http://192.168.245.3:9898/monitor/lighting/1_43_2,161,NULL
TAG_1_43_3,changeImageGroup,F02_1_1_43_3_T,http://192.168.245.3:9898/monitor/lighting/1_43_3,162,NULL
TAG_1_43_4,changeImageGroup,F02_1_1_43_4_T,http://192.168.245.3:9898/monitor/lighting/1_43_4,163,NULL
TAG_1_44_1,changeImageGroup,F02_1_1_44_1_T,http://192.168.245.3:9898/monitor/lighting/1_44_1,164,NULL
TAG_1_44_2,changeImageGroup,untitle_1_1_44_2_T,http://192.168.245.3:9898/monitor/lighting/1_44_2,165,NULL
TAG_1_44_3,changeImageGroup,F02_1_1_44_3_T,http://192.168.245.3:9898/monitor/lighting/1_44_3,166,NULL
TAG_1_44_4,changeImageGroup,F02_1_1_44_4_T,http://192.168.245.3:9898/monitor/lighting/1_44_4,167,NULL
TAG_1_45_1,changeImageGroup,F02_1_1_45_1_T,http://192.168.245.3:9898/monitor/lighting/1_45_1,168,NULL
TAG_1_45_2,changeImageGroup,F02_1_1_45_2_T,http://192.168.245.3:9898/monitor/lighting/1_45_2,169,NULL
TAG_1_45_3,changeImageGroup,F02_1_1_45_3_T,http://192.168.245.3:9898/monitor/lighting/1_45_3,170,NULL
TAG_1_45_4,changeImageGroup,F02_1_1_45_4_T,http://192.168.245.3:9898/monitor/lighting/1_45_4,171,NULL
TAG_1_46_1,changeImageGroup,F02_1_1_46_1_T,http://192.168.245.3:9898/monitor/lighting/1_46_1,172,NULL
TAG_1_46_2,changeImageGroup,F02_1_1_46_2_T,http://192.168.245.3:9898/monitor/lighting/1_46_2,173,NULL
TAG_1_46_3,changeImageGroup,F02_1_1_46_3_T,http://192.168.245.3:9898/monitor/lighting/1_46_3,174,NULL
TAG_1_46_4,changeImageGroup,F02_1_1_46_4_T,http://192.168.245.3:9898/monitor/lighting/1_46_4,175,NULL
TAG_1_47_1,changeImageGroup,F02_1_1_47_1_T,http://192.168.245.3:9898/monitor/lighting/1_47_1,176,NULL
TAG_1_47_2,changeImageGroup,F02_1_1_47_2_T,http://192.168.245.3:9898/monitor/lighting/1_47_2,177,NULL
TAG_1_47_3,changeImageGroup,F02_1_1_47_3_T,http://192.168.245.3:9898/monitor/lighting/1_47_3,178,NULL
TAG_1_47_4,changeImageGroup,F02_1_1_47_4_T,http://192.168.245.3:9898/monitor/lighting/1_47_4,179,NULL
TAG_1_48_1,changeImageGroup,F02_1_1_48_1_T,http://192.168.245.3:9898/monitor/lighting/1_48_1,180,NULL
TAG_1_48_2,changeImageGroup,F02_1_1_48_2_T,http://192.168.245.3:9898/monitor/lighting/1_48_2,181,NULL
TAG_1_48_3,changeImageGroup,F02_1_1_48_3_T,http://192.168.245.3:9898/monitor/lighting/1_48_3,182,NULL
TAG_1_48_4,changeImageGroup,untitle_1_1_48_4_T,http://192.168.245.3:9898/monitor/lighting/1_48_4,183,NULL
TAG_1_48_9,changeImageGroup,F02_1_1_48_9_T,http://192.168.245.3:9898/monitor/lighting/1_48_9,184,NULL
TAG_1_49_1,changeImageGroup,F02_1_1_49_1_T,http://192.168.245.3:9898/monitor/lighting/1_49_1,185,NULL
TAG_1_49_2,changeImageGroup,F02_1_1_49_2_T,http://192.168.245.3:9898/monitor/lighting/1_49_2,186,NULL
TAG_1_49_3,changeImageGroup,F02_1_1_49_3_T,http://192.168.245.3:9898/monitor/lighting/1_49_3,187,NULL
TAG_1_49_4,changeImageGroup,F02_1_1_49_4_T,http://192.168.245.3:9898/monitor/lighting/1_49_4,188,NULL
TAG_1_5,changeImageGroup,ALL_1_1_5_G,http://192.168.245.3:9898/monitor/lighting/1_5,189,NULL
TAG_1_5_1,changeImageGroup,F02_1_1_5_1_T,http://192.168.245.3:9898/monitor/lighting/1_5_1,190,NULL
TAG_1_5_2,changeImageGroup,F02_1_1_5_2_T,http://192.168.245.3:9898/monitor/lighting/1_5_2,191,NULL
TAG_1_5_3,changeImageGroup,F02_1_1_5_3_T,http://192.168.245.3:9898/monitor/lighting/1_5_3,192,NULL
TAG_1_5_4,changeImageGroup,F02_1_1_5_4_T,http://192.168.245.3:9898/monitor/lighting/1_5_4,193,NULL
TAG_1_50_1,changeImageGroup,untitle_1_1_50_1_T,http://192.168.245.3:9898/monitor/lighting/1_50_1,194,NULL
TAG_1_50_2,changeImageGroup,untitle_1_1_50_2_T,http://192.168.245.3:9898/monitor/lighting/1_50_2,195,NULL
TAG_1_50_3,changeImageGroup,untitle_1_1_50_3_T,http://192.168.245.3:9898/monitor/lighting/1_50_3,196,NULL
TAG_1_50_4,changeImageGroup,untitle_1_1_50_4_T,http://192.168.245.3:9898/monitor/lighting/1_50_4,197,NULL
TAG_1_51_1,changeImageGroup,F01_1_1_51_1_T,http://192.168.245.3:9898/monitor/lighting/1_51_1,198,NULL
TAG_1_51_2,changeImageGroup,F01_1_1_51_2_T,http://192.168.245.3:9898/monitor/lighting/1_51_2,199,NULL
TAG_1_51_3,changeImageGroup,untitle_1_1_51_3_T,http://192.168.245.3:9898/monitor/lighting/1_51_3,200,NULL
TAG_1_51_4,changeImageGroup,F01_1_1_51_4_T,http://192.168.245.3:9898/monitor/lighting/1_51_4,201,NULL
TAG_1_52_1,changeImageGroup,untitle_1_1_52_1_T,http://192.168.245.3:9898/monitor/lighting/1_52_1,202,NULL
TAG_1_52_2,changeImageGroup,F01_1_1_52_2_T,http://192.168.245.3:9898/monitor/lighting/1_52_2,203,NULL
TAG_1_52_3,changeImageGroup,F01_1_1_52_3_T,http://192.168.245.3:9898/monitor/lighting/1_52_3,204,NULL
TAG_1_52_4,changeImageGroup,F01_1_1_52_4_T,http://192.168.245.3:9898/monitor/lighting/1_52_4,205,NULL
TAG_1_53_1,changeImageGroup,F01_1_1_53_1_T,http://192.168.245.3:9898/monitor/lighting/1_53_1,206,NULL
TAG_1_53_2,changeImageGroup,untitle_1_1_53_2_T,http://192.168.245.3:9898/monitor/lighting/1_53_2,207,NULL
TAG_1_53_3,changeImageGroup,untitle_1_1_53_3_T,http://192.168.245.3:9898/monitor/lighting/1_53_3,208,NULL
TAG_1_53_4,changeImageGroup,untitle_1_1_53_4_T,http://192.168.245.3:9898/monitor/lighting/1_53_4,209,NULL
TAG_1_54_1,changeImageGroup,untitle_1_1_54_1_T,http://192.168.245.3:9898/monitor/lighting/1_54_1,210,NULL
TAG_1_54_2,changeImageGroup,untitle_1_1_54_2_T,http://192.168.245.3:9898/monitor/lighting/1_54_2,211,NULL
TAG_1_54_3,changeImageGroup,untitle_1_1_54_3_T,http://192.168.245.3:9898/monitor/lighting/1_54_3,212,NULL
TAG_1_54_4,changeImageGroup,untitle_1_1_54_4_T,http://192.168.245.3:9898/monitor/lighting/1_54_4,213,NULL
TAG_1_55_1,changeImageGroup,F01_1_1_55_1_T,http://192.168.245.3:9898/monitor/lighting/1_55_1,214,NULL
TAG_1_55_2,changeImageGroup,F01_1_1_55_2_T,http://192.168.245.3:9898/monitor/lighting/1_55_2,215,NULL
TAG_1_55_3,changeImageGroup,F01_1_1_55_3_T,http://192.168.245.3:9898/monitor/lighting/1_55_3,216,NULL
TAG_1_55_4,changeImageGroup,F01_1_1_55_4_T,http://192.168.245.3:9898/monitor/lighting/1_55_4,217,NULL
TAG_1_56_1,changeImageGroup,F01_1_1_56_1_T,http://192.168.245.3:9898/monitor/lighting/1_56_1,218,NULL
TAG_1_56_2,changeImageGroup,F01_1_1_56_2_T,http://192.168.245.3:9898/monitor/lighting/1_56_2,219,NULL
TAG_1_56_3,changeImageGroup,untitle_1_1_56_3_T,http://192.168.245.3:9898/monitor/lighting/1_56_3,220,NULL
TAG_1_56_4,changeImageGroup,untitle_1_1_56_4_T,http://192.168.245.3:9898/monitor/lighting/1_56_4,221,NULL
TAG_1_57_1,changeImageGroup,F01_1_1_57_1_T,http://192.168.245.3:9898/monitor/lighting/1_57_1,222,NULL
TAG_1_57_2,changeImageGroup,F01_1_1_57_2_T,http://192.168.245.3:9898/monitor/lighting/1_57_2,223,NULL
TAG_1_57_3,changeImageGroup,F01_1_1_57_3_T,http://192.168.245.3:9898/monitor/lighting/1_57_3,224,NULL
TAG_1_57_4,changeImageGroup,F01_1_1_57_4_T,http://192.168.245.3:9898/monitor/lighting/1_57_4,225,NULL
TAG_1_58_1,changeImageGroup,F01_1_1_58_1_T,http://192.168.245.3:9898/monitor/lighting/1_58_1,226,NULL
TAG_1_58_2,changeImageGroup,F01_1_1_58_2_T,http://192.168.245.3:9898/monitor/lighting/1_58_2,227,NULL
TAG_1_58_3,changeImageGroup,F01_1_1_58_3_T,http://192.168.245.3:9898/monitor/lighting/1_58_3,228,NULL
TAG_1_58_4,changeImageGroup,F01_1_1_58_4_T,http://192.168.245.3:9898/monitor/lighting/1_58_4,229,NULL
TAG_1_59_1,changeImageGroup,F01_1_1_59_1_T,http://192.168.245.3:9898/monitor/lighting/1_59_1,230,NULL
TAG_1_59_2,changeImageGroup,F01_1_1_59_2_T,http://192.168.245.3:9898/monitor/lighting/1_59_2,231,NULL
TAG_1_59_3,changeImageGroup,untitle_1_1_59_3_T,http://192.168.245.3:9898/monitor/lighting/1_59_3,232,NULL
TAG_1_59_4,changeImageGroup,untitle_1_1_59_4_T,http://192.168.245.3:9898/monitor/lighting/1_59_4,233,NULL
TAG_1_6,changeImageGroup,ALL_1_1_6_G,http://192.168.245.3:9898/monitor/lighting/1_6,234,NULL
TAG_1_6_1,changeImageGroup,F02_1_1_6_1_T,http://192.168.245.3:9898/monitor/lighting/1_6_1,235,NULL
TAG_1_6_2,changeImageGroup,F02_1_1_6_2_T,http://192.168.245.3:9898/monitor/lighting/1_6_2,236,NULL
TAG_1_6_3,changeImageGroup,F02_1_1_6_3_T,http://192.168.245.3:9898/monitor/lighting/1_6_3,237,NULL
TAG_1_6_4,changeImageGroup,F02_1_1_6_4_T,http://192.168.245.3:9898/monitor/lighting/1_6_4,238,NULL
TAG_1_60_1,changeImageGroup,F01_1_1_60_1_T,http://192.168.245.3:9898/monitor/lighting/1_60_1,239,NULL
TAG_1_60_2,changeImageGroup,F01_1_1_60_2_T,http://192.168.245.3:9898/monitor/lighting/1_60_2,240,NULL
TAG_1_60_3,changeImageGroup,F01_1_1_60_3_T,http://192.168.245.3:9898/monitor/lighting/1_60_3,241,NULL
TAG_1_60_4,changeImageGroup,F01_1_1_60_4_T,http://192.168.245.3:9898/monitor/lighting/1_60_4,242,NULL
TAG_1_61_1,changeImageGroup,ALL_1_1_61_1_T,http://192.168.245.3:9898/monitor/lighting/1_61_1,243,NULL
TAG_1_61_2,changeImageGroup,ALL_1_1_61_2_T,http://192.168.245.3:9898/monitor/lighting/1_61_2,244,NULL
TAG_1_61_3,changeImageGroup,ALL_1_1_61_3_T,http://192.168.245.3:9898/monitor/lighting/1_61_3,245,NULL
TAG_1_61_4,changeImageGroup,ALL_1_1_61_4_T,http://192.168.245.3:9898/monitor/lighting/1_61_4,246,NULL
TAG_1_62_1,changeImageGroup,untitle_1_1_62_1_T,http://192.168.245.3:9898/monitor/lighting/1_62_1,247,NULL
TAG_1_62_2,changeImageGroup,untitle_1_1_62_2_T,http://192.168.245.3:9898/monitor/lighting/1_62_2,248,NULL
TAG_1_62_3,changeImageGroup,untitle_1_1_62_3_T,http://192.168.245.3:9898/monitor/lighting/1_62_3,249,NULL
TAG_1_62_4,changeImageGroup,untitle_1_1_62_4_T,http://192.168.245.3:9898/monitor/lighting/1_62_4,250,NULL
TAG_1_63_1,changeImageGroup,ALL_1_1_63_1_T,http://192.168.245.3:9898/monitor/lighting/1_63_1,251,NULL
TAG_1_63_2,changeImageGroup,ALL_1_1_63_2_T,http://192.168.245.3:9898/monitor/lighting/1_63_2,252,NULL
TAG_1_63_3,changeImageGroup,untitle_1_1_63_3_T,http://192.168.245.3:9898/monitor/lighting/1_63_3,253,NULL
TAG_1_63_4,changeImageGroup,untitle_1_1_63_4_T,http://192.168.245.3:9898/monitor/lighting/1_63_4,254,NULL
TAG_1_64_1,changeImageGroup,untitle_1_1_64_1_T,http://192.168.245.3:9898/monitor/lighting/1_64_1,255,NULL
TAG_1_64_2,changeImageGroup,untitle_1_1_64_2_T,http://192.168.245.3:9898/monitor/lighting/1_64_2,256,NULL
TAG_1_64_3,changeImageGroup,untitle_1_1_64_3_T,http://192.168.245.3:9898/monitor/lighting/1_64_3,257,NULL
TAG_1_64_4,changeImageGroup,untitle_1_1_64_4_T,http://192.168.245.3:9898/monitor/lighting/1_64_4,258,NULL
TAG_1_65_1,changeImageGroup,untitle_1_1_65_1_T,http://192.168.245.3:9898/monitor/lighting/1_65_1,259,NULL
TAG_1_65_2,changeImageGroup,untitle_1_1_65_2_T,http://192.168.245.3:9898/monitor/lighting/1_65_2,260,NULL
TAG_1_65_3,changeImageGroup,untitle_1_1_65_3_T,http://192.168.245.3:9898/monitor/lighting/1_65_3,261,NULL
TAG_1_65_4,changeImageGroup,untitle_1_1_65_4_T,http://192.168.245.3:9898/monitor/lighting/1_65_4,262,NULL
TAG_1_66_1,changeImageGroup,untitle_1_1_66_1_T,http://192.168.245.3:9898/monitor/lighting/1_66_1,263,NULL
TAG_1_66_2,changeImageGroup,untitle_1_1_66_2_T,http://192.168.245.3:9898/monitor/lighting/1_66_2,264,NULL
TAG_1_66_3,changeImageGroup,untitle_1_1_66_3_T,http://192.168.245.3:9898/monitor/lighting/1_66_3,265,NULL
TAG_1_66_4,changeImageGroup,untitle_1_1_66_4_T,http://192.168.245.3:9898/monitor/lighting/1_66_4,266,NULL
TAG_1_67_1,changeImageGroup,untitle_1_1_67_1_T,http://192.168.245.3:9898/monitor/lighting/1_67_1,267,NULL
TAG_1_67_2,changeImageGroup,untitle_1_1_67_2_T,http://192.168.245.3:9898/monitor/lighting/1_67_2,268,NULL
TAG_1_67_3,changeImageGroup,untitle_1_1_67_3_T,http://192.168.245.3:9898/monitor/lighting/1_67_3,269,NULL
TAG_1_67_4,changeImageGroup,untitle_1_1_67_4_T,http://192.168.245.3:9898/monitor/lighting/1_67_4,270,NULL
TAG_1_68_1,changeImageGroup,untitle_1_1_68_1_T,http://192.168.245.3:9898/monitor/lighting/1_68_1,271,NULL
TAG_1_68_2,changeImageGroup,untitle_1_1_68_2_T,http://192.168.245.3:9898/monitor/lighting/1_68_2,272,NULL
TAG_1_68_3,changeImageGroup,untitle_1_1_68_3_T,http://192.168.245.3:9898/monitor/lighting/1_68_3,273,NULL
TAG_1_68_4,changeImageGroup,untitle_1_1_68_4_T,http://192.168.245.3:9898/monitor/lighting/1_68_4,274,NULL
TAG_1_69_1,changeImageGroup,untitle_1_1_69_1_T,http://192.168.245.3:9898/monitor/lighting/1_69_1,275,NULL
TAG_1_69_2,changeImageGroup,untitle_1_1_69_2_T,http://192.168.245.3:9898/monitor/lighting/1_69_2,276,NULL
TAG_1_69_3,changeImageGroup,untitle_1_1_69_3_T,http://192.168.245.3:9898/monitor/lighting/1_69_3,277,NULL
TAG_1_69_4,changeImageGroup,untitle_1_1_69_4_T,http://192.168.245.3:9898/monitor/lighting/1_69_4,278,NULL
TAG_1_7,changeImageGroup,ALL_1_1_7_G,http://192.168.245.3:9898/monitor/lighting/1_7,279,NULL
TAG_1_7_1,changeImageGroup,untitle_1_1_7_1_T,http://192.168.245.3:9898/monitor/lighting/1_7_1,280,NULL
TAG_1_7_2,changeImageGroup,F02_1_1_7_2_T,http://192.168.245.3:9898/monitor/lighting/1_7_2,281,NULL
TAG_1_7_3,changeImageGroup,F02_1_1_7_3_T,http://192.168.245.3:9898/monitor/lighting/1_7_3,282,NULL
TAG_1_7_4,changeImageGroup,F02_1_1_7_4_T,http://192.168.245.3:9898/monitor/lighting/1_7_4,283,NULL
TAG_1_70_1,changeImageGroup,untitle_1_1_70_1_T,http://192.168.245.3:9898/monitor/lighting/1_70_1,284,NULL
TAG_1_70_2,changeImageGroup,untitle_1_1_70_2_T,http://192.168.245.3:9898/monitor/lighting/1_70_2,285,NULL
TAG_1_70_3,changeImageGroup,untitle_1_1_70_3_T,http://192.168.245.3:9898/monitor/lighting/1_70_3,286,NULL
TAG_1_70_4,changeImageGroup,untitle_1_1_70_4_T,http://192.168.245.3:9898/monitor/lighting/1_70_4,287,NULL
TAG_1_71_1,changeImageGroup,untitle_1_1_71_1_T,http://192.168.245.3:9898/monitor/lighting/1_71_1,288,NULL
TAG_1_71_2,changeImageGroup,untitle_1_1_71_2_T,http://192.168.245.3:9898/monitor/lighting/1_71_2,289,NULL
TAG_1_8,changeImageGroup,ALL_1_1_8_G,http://192.168.245.3:9898/monitor/lighting/1_8,290,NULL
TAG_1_8_1,changeImageGroup,F02_1_1_8_1_T,http://192.168.245.3:9898/monitor/lighting/1_8_1,291,NULL
TAG_1_8_2,changeImageGroup,F02_1_1_8_2_T,http://192.168.245.3:9898/monitor/lighting/1_8_2,292,NULL
TAG_1_8_3,changeImageGroup,F02_1_1_8_3_T,http://192.168.245.3:9898/monitor/lighting/1_8_3,293,NULL
TAG_1_8_4,changeImageGroup,F02_1_1_8_4_T,http://192.168.245.3:9898/monitor/lighting/1_8_4,294,NULL
TAG_1_9_1,changeImageGroup,F02_1_1_9_1_T,http://192.168.245.3:9898/monitor/lighting/1_9_1,295,NULL
TAG_1_9_2,changeImageGroup,F02_1_1_9_2_T,http://192.168.245.3:9898/monitor/lighting/1_9_2,296,NULL
TAG_1_9_3,changeImageGroup,F02_1_1_9_3_T,http://192.168.245.3:9898/monitor/lighting/1_9_3,297,NULL
TAG_1_9_4,changeImageGroup,F02_1_1_9_4_T,http://192.168.245.3:9898/monitor/lighting/1_9_4,298,NULL
TAG_2_0_1,changeImageGroup,untitle_1_2_0_1_T,http://192.168.245.3:9898/monitor/lighting/2_0_1,299,NULL
TAG_2_0_2,changeImageGroup,untitle_1_2_0_2_T,http://192.168.245.3:9898/monitor/lighting/2_0_2,300,NULL
TAG_2_0_3,changeImageGroup,untitle_1_2_0_3_T,http://192.168.245.3:9898/monitor/lighting/2_0_3,301,NULL
TAG_2_0_4,changeImageGroup,untitle_1_2_0_4_T,http://192.168.245.3:9898/monitor/lighting/2_0_4,302,NULL
TAG_2_1_G,changeImageGroup,ALL_1_2_1_G,http://192.168.245.3:9898/monitor/lighting/2_1,303,NULL
TAG_2_1_P,changeImageGroup,ALL_1_2_1_P,http://192.168.245.3:9898/monitor/lighting/2_1,304,NULL
TAG_2_1_1,changeImageGroup,F04_1_2_1_1_T,http://192.168.245.3:9898/monitor/lighting/2_1_1,305,NULL
TAG_2_1_2,changeImageGroup,F04_1_2_1_2_T,http://192.168.245.3:9898/monitor/lighting/2_1_2,306,NULL
TAG_2_1_3,changeImageGroup,F04_1_2_1_3_T,http://192.168.245.3:9898/monitor/lighting/2_1_3,307,NULL
TAG_2_1_4,changeImageGroup,F04_1_2_1_4_T,http://192.168.245.3:9898/monitor/lighting/2_1_4,308,NULL
TAG_2_10_1,changeImageGroup,F04_1_2_10_1_T,http://192.168.245.3:9898/monitor/lighting/2_10_1,309,NULL
TAG_2_10_2,changeImageGroup,F04_1_2_10_2_T,http://192.168.245.3:9898/monitor/lighting/2_10_2,310,NULL
TAG_2_10_3,changeImageGroup,F04_1_2_10_3_T,http://192.168.245.3:9898/monitor/lighting/2_10_3,311,NULL
TAG_2_10_4,changeImageGroup,F04_1_2_10_4_T,http://192.168.245.3:9898/monitor/lighting/2_10_4,312,NULL
TAG_2_11_1,changeImageGroup,F04_1_2_11_1_T,http://192.168.245.3:9898/monitor/lighting/2_11_1,313,NULL
TAG_2_11_2,changeImageGroup,F04_1_2_11_2_T,http://192.168.245.3:9898/monitor/lighting/2_11_2,314,NULL
TAG_2_11_3,changeImageGroup,F04_1_2_11_3_T,http://192.168.245.3:9898/monitor/lighting/2_11_3,315,NULL
TAG_2_11_4,changeImageGroup,F04_1_2_11_4_T,http://192.168.245.3:9898/monitor/lighting/2_11_4,316,NULL
TAG_2_12_1,changeImageGroup,F04_1_2_12_1_T,http://192.168.245.3:9898/monitor/lighting/2_12_1,317,NULL
TAG_2_12_2,changeImageGroup,F04_1_2_12_2_T,http://192.168.245.3:9898/monitor/lighting/2_12_2,318,NULL
TAG_2_12_3,changeImageGroup,F04_1_2_12_3_T,http://192.168.245.3:9898/monitor/lighting/2_12_3,319,NULL
TAG_2_12_4,changeImageGroup,F04_1_2_12_4_T,http://192.168.245.3:9898/monitor/lighting/2_12_4,320,NULL
TAG_2_13_1,changeImageGroup,F04_1_2_13_1_T,http://192.168.245.3:9898/monitor/lighting/2_13_1,321,NULL
TAG_2_13_2,changeImageGroup,F04_1_2_13_2_T,http://192.168.245.3:9898/monitor/lighting/2_13_2,322,NULL
TAG_2_13_3,changeImageGroup,F04_1_2_13_3_T,http://192.168.245.3:9898/monitor/lighting/2_13_3,323,NULL
TAG_2_13_4,changeImageGroup,F04_1_2_13_4_T,http://192.168.245.3:9898/monitor/lighting/2_13_4,324,NULL
TAG_2_14_1,changeImageGroup,F04_1_2_14_1_T,http://192.168.245.3:9898/monitor/lighting/2_14_1,325,NULL
TAG_2_14_2,changeImageGroup,F04_1_2_14_2_T,http://192.168.245.3:9898/monitor/lighting/2_14_2,326,NULL
TAG_2_14_3,changeImageGroup,F04_1_2_14_3_T,http://192.168.245.3:9898/monitor/lighting/2_14_3,327,NULL
TAG_2_14_4,changeImageGroup,F04_1_2_14_4_T,http://192.168.245.3:9898/monitor/lighting/2_14_4,328,NULL
TAG_2_15_1,changeImageGroup,F04_1_2_15_1_T,http://192.168.245.3:9898/monitor/lighting/2_15_1,329,NULL
TAG_2_15_2,changeImageGroup,F04_1_2_15_2_T,http://192.168.245.3:9898/monitor/lighting/2_15_2,330,NULL
TAG_2_15_3,changeImageGroup,F04_1_2_15_3_T,http://192.168.245.3:9898/monitor/lighting/2_15_3,331,NULL
TAG_2_15_4,changeImageGroup,F04_1_2_15_4_T,http://192.168.245.3:9898/monitor/lighting/2_15_4,332,NULL
TAG_2_16_1,changeImageGroup,F04_1_2_16_1_T,http://192.168.245.3:9898/monitor/lighting/2_16_1,333,NULL
TAG_2_16_2,changeImageGroup,F04_1_2_16_2_T,http://192.168.245.3:9898/monitor/lighting/2_16_2,334,NULL
TAG_2_16_3,changeImageGroup,F04_1_2_16_3_T,http://192.168.245.3:9898/monitor/lighting/2_16_3,335,NULL
TAG_2_16_4,changeImageGroup,F04_1_2_16_4_T,http://192.168.245.3:9898/monitor/lighting/2_16_4,336,NULL
TAG_2_17_1,changeImageGroup,F04_1_2_17_1_T,http://192.168.245.3:9898/monitor/lighting/2_17_1,337,NULL
TAG_2_17_2,changeImageGroup,F04_1_2_17_2_T,http://192.168.245.3:9898/monitor/lighting/2_17_2,338,NULL
TAG_2_17_3,changeImageGroup,F04_1_2_17_3_T,http://192.168.245.3:9898/monitor/lighting/2_17_3,339,NULL
TAG_2_17_4,changeImageGroup,F04_1_2_17_4_T,http://192.168.245.3:9898/monitor/lighting/2_17_4,340,NULL
TAG_2_18_1,changeImageGroup,F04_1_2_18_1_T,http://192.168.245.3:9898/monitor/lighting/2_18_1,341,NULL
TAG_2_18_2,changeImageGroup,F04_1_2_18_2_T,http://192.168.245.3:9898/monitor/lighting/2_18_2,342,NULL
TAG_2_18_3,changeImageGroup,untitle_1_2_18_3_T,http://192.168.245.3:9898/monitor/lighting/2_18_3,343,NULL
TAG_2_18_4,changeImageGroup,F04_1_2_18_4_T,http://192.168.245.3:9898/monitor/lighting/2_18_4,344,NULL
TAG_2_19_1,changeImageGroup,F04_1_2_19_1_T,http://192.168.245.3:9898/monitor/lighting/2_19_1,345,NULL
TAG_2_19_2,changeImageGroup,F04_1_2_19_2_T,http://192.168.245.3:9898/monitor/lighting/2_19_2,346,NULL
TAG_2_19_3,changeImageGroup,F04_1_2_19_3_T,http://192.168.245.3:9898/monitor/lighting/2_19_3,347,NULL
TAG_2_19_4,changeImageGroup,F04_1_2_19_4_T,http://192.168.245.3:9898/monitor/lighting/2_19_4,348,NULL
TAG_2_2_G,changeImageGroup,ALL_1_2_2_G,http://192.168.245.3:9898/monitor/lighting/2_2,349,NULL
TAG_2_2_P,changeImageGroup,ALL_1_2_2_P,http://192.168.245.3:9898/monitor/lighting/2_2,350,NULL
TAG_2_2_1,changeImageGroup,F04_1_2_2_1_T,http://192.168.245.3:9898/monitor/lighting/2_2_1,351,NULL
TAG_2_2_2,changeImageGroup,F04_1_2_2_2_T,http://192.168.245.3:9898/monitor/lighting/2_2_2,352,NULL
TAG_2_2_3,changeImageGroup,F04_1_2_2_3_T,http://192.168.245.3:9898/monitor/lighting/2_2_3,353,NULL
TAG_2_2_4,changeImageGroup,F04_1_2_2_4_T,http://192.168.245.3:9898/monitor/lighting/2_2_4,354,NULL
TAG_2_20_1,changeImageGroup,F04_1_2_20_1_T,http://192.168.245.3:9898/monitor/lighting/2_20_1,355,NULL
TAG_2_20_2,changeImageGroup,F04_1_2_20_2_T,http://192.168.245.3:9898/monitor/lighting/2_20_2,356,NULL
TAG_2_20_3,changeImageGroup,F04_1_2_20_3_T,http://192.168.245.3:9898/monitor/lighting/2_20_3,357,NULL
TAG_2_20_4,changeImageGroup,F04_1_2_20_4_T,http://192.168.245.3:9898/monitor/lighting/2_20_4,358,NULL
TAG_2_21_1,changeImageGroup,F04_1_2_21_1_T,http://192.168.245.3:9898/monitor/lighting/2_21_1,359,NULL
TAG_2_21_2,changeImageGroup,F04_1_2_21_2_T,http://192.168.245.3:9898/monitor/lighting/2_21_2,360,NULL
TAG_2_21_3,changeImageGroup,F04_1_2_21_3_T,http://192.168.245.3:9898/monitor/lighting/2_21_3,361,NULL
TAG_2_21_4,changeImageGroup,F04_1_2_21_4_T,http://192.168.245.3:9898/monitor/lighting/2_21_4,362,NULL
TAG_2_22_1,changeImageGroup,F04_1_2_22_1_T,http://192.168.245.3:9898/monitor/lighting/2_22_1,363,NULL
TAG_2_22_2,changeImageGroup,F04_1_2_22_2_T,http://192.168.245.3:9898/monitor/lighting/2_22_2,364,NULL
TAG_2_22_3,changeImageGroup,F04_1_2_22_3_T,http://192.168.245.3:9898/monitor/lighting/2_22_3,365,NULL
TAG_2_22_4,changeImageGroup,F04_1_2_22_4_T,http://192.168.245.3:9898/monitor/lighting/2_22_4,366,NULL
TAG_2_23_1,changeImageGroup,untitle_1_2_23_1_T,http://192.168.245.3:9898/monitor/lighting/2_23_1,367,NULL
TAG_2_23_2,changeImageGroup,F04_1_2_23_2_T,http://192.168.245.3:9898/monitor/lighting/2_23_2,368,NULL
TAG_2_23_3,changeImageGroup,untitle_1_2_23_3_T,http://192.168.245.3:9898/monitor/lighting/2_23_3,369,NULL
TAG_2_23_4,changeImageGroup,F04_1_2_23_4_T,http://192.168.245.3:9898/monitor/lighting/2_23_4,370,NULL
TAG_2_24_1,changeImageGroup,F04_1_2_24_1_T,http://192.168.245.3:9898/monitor/lighting/2_24_1,371,NULL
TAG_2_24_2,changeImageGroup,F04_1_2_24_2_T,http://192.168.245.3:9898/monitor/lighting/2_24_2,372,NULL
TAG_2_24_3,changeImageGroup,F04_1_2_24_3_T,http://192.168.245.3:9898/monitor/lighting/2_24_3,373,NULL
TAG_2_24_4,changeImageGroup,F04_1_2_24_4_T,http://192.168.245.3:9898/monitor/lighting/2_24_4,374,NULL
TAG_2_25_1,changeImageGroup,F04_1_2_25_1_T,http://192.168.245.3:9898/monitor/lighting/2_25_1,375,NULL
TAG_2_25_2,changeImageGroup,F04_1_2_25_2_T,http://192.168.245.3:9898/monitor/lighting/2_25_2,376,NULL
TAG_2_25_3,changeImageGroup,F04_1_2_25_3_T,http://192.168.245.3:9898/monitor/lighting/2_25_3,377,NULL
TAG_2_25_4,changeImageGroup,F04_1_2_25_4_T,http://192.168.245.3:9898/monitor/lighting/2_25_4,378,NULL
TAG_2_26_1,changeImageGroup,untitle_1_2_26_1_T,http://192.168.245.3:9898/monitor/lighting/2_26_1,379,NULL
TAG_2_26_2,changeImageGroup,F04_1_2_26_2_T,http://192.168.245.3:9898/monitor/lighting/2_26_2,380,NULL
TAG_2_26_3,changeImageGroup,untitle_1_2_26_3_T,http://192.168.245.3:9898/monitor/lighting/2_26_3,381,NULL
TAG_2_26_4,changeImageGroup,untitle_1_2_26_4_T,http://192.168.245.3:9898/monitor/lighting/2_26_4,382,NULL
TAG_2_27_1,changeImageGroup,F03_1_2_27_1_T,http://192.168.245.3:9898/monitor/lighting/2_27_1,383,NULL
TAG_2_27_2,changeImageGroup,F03_1_2_27_2_T,http://192.168.245.3:9898/monitor/lighting/2_27_2,384,NULL
TAG_2_27_3,changeImageGroup,F03_1_2_27_3_T,http://192.168.245.3:9898/monitor/lighting/2_27_3,385,NULL
TAG_2_27_4,changeImageGroup,F03_1_2_27_4_T,http://192.168.245.3:9898/monitor/lighting/2_27_4,386,NULL
TAG_2_28_1,changeImageGroup,F03_1_2_28_1_T,http://192.168.245.3:9898/monitor/lighting/2_28_1,387,NULL
TAG_2_28_2,changeImageGroup,F03_1_2_28_2_T,http://192.168.245.3:9898/monitor/lighting/2_28_2,388,NULL
TAG_2_28_3,changeImageGroup,F03_1_2_28_3_T,http://192.168.245.3:9898/monitor/lighting/2_28_3,389,NULL
TAG_2_28_4,changeImageGroup,F03_1_2_28_4_T,http://192.168.245.3:9898/monitor/lighting/2_28_4,390,NULL
TAG_2_29_1,changeImageGroup,untitle_1_2_29_1_T,http://192.168.245.3:9898/monitor/lighting/2_29_1,391,NULL
TAG_2_29_2,changeImageGroup,F03_1_2_29_2_T,http://192.168.245.3:9898/monitor/lighting/2_29_2,392,NULL
TAG_2_29_3,changeImageGroup,F03_1_2_29_3_T,http://192.168.245.3:9898/monitor/lighting/2_29_3,393,NULL
TAG_2_29_4,changeImageGroup,F03_1_2_29_4_T,http://192.168.245.3:9898/monitor/lighting/2_29_4,394,NULL
TAG_2_3,changeImageGroup,ALL_1_2_3_G,http://192.168.245.3:9898/monitor/lighting/2_3,395,NULL
TAG_2_3_1,changeImageGroup,F04_1_2_3_1_T,http://192.168.245.3:9898/monitor/lighting/2_3_1,396,NULL
TAG_2_3_2,changeImageGroup,F04_1_2_3_2_T,http://192.168.245.3:9898/monitor/lighting/2_3_2,397,NULL
TAG_2_3_3,changeImageGroup,untitle_1_2_3_3_T,http://192.168.245.3:9898/monitor/lighting/2_3_3,398,NULL
TAG_2_3_4,changeImageGroup,F04_1_2_3_4_T,http://192.168.245.3:9898/monitor/lighting/2_3_4,399,NULL
TAG_2_30_1,changeImageGroup,F03_1_2_30_1_T,http://192.168.245.3:9898/monitor/lighting/2_30_1,400,NULL
TAG_2_30_2,changeImageGroup,F03_1_2_30_2_T,http://192.168.245.3:9898/monitor/lighting/2_30_2,401,NULL
TAG_2_30_3,changeImageGroup,F03_1_2_30_3_T,http://192.168.245.3:9898/monitor/lighting/2_30_3,402,NULL
TAG_2_30_4,changeImageGroup,F03_1_2_30_4_T,http://192.168.245.3:9898/monitor/lighting/2_30_4,403,NULL
TAG_2_31_1,changeImageGroup,F03_1_2_31_1_T,http://192.168.245.3:9898/monitor/lighting/2_31_1,404,NULL
TAG_2_31_2,changeImageGroup,F03_1_2_31_2_T,http://192.168.245.3:9898/monitor/lighting/2_31_2,405,NULL
TAG_2_31_3,changeImageGroup,F03_1_2_31_3_T,http://192.168.245.3:9898/monitor/lighting/2_31_3,406,NULL
TAG_2_31_4,changeImageGroup,F03_1_2_31_4_T,http://192.168.245.3:9898/monitor/lighting/2_31_4,407,NULL
TAG_2_32_1,changeImageGroup,F03_1_2_32_1_T,http://192.168.245.3:9898/monitor/lighting/2_32_1,408,NULL
TAG_2_32_2,changeImageGroup,F03_1_2_32_2_T,http://192.168.245.3:9898/monitor/lighting/2_32_2,409,NULL
TAG_2_32_3,changeImageGroup,F03_1_2_32_3_T,http://192.168.245.3:9898/monitor/lighting/2_32_3,410,NULL
TAG_2_32_4,changeImageGroup,F03_1_2_32_4_T,http://192.168.245.3:9898/monitor/lighting/2_32_4,411,NULL
TAG_2_33_1,changeImageGroup,F03_1_2_33_1_T,http://192.168.245.3:9898/monitor/lighting/2_33_1,412,NULL
TAG_2_33_2,changeImageGroup,untitle_1_2_33_2_T,http://192.168.245.3:9898/monitor/lighting/2_33_2,413,NULL
TAG_2_33_3,changeImageGroup,F03_1_2_33_3_T,http://192.168.245.3:9898/monitor/lighting/2_33_3,414,NULL
TAG_2_33_4,changeImageGroup,F03_1_2_33_4_T,http://192.168.245.3:9898/monitor/lighting/2_33_4,415,NULL
TAG_2_34_1,changeImageGroup,F03_1_2_34_1_T,http://192.168.245.3:9898/monitor/lighting/2_34_1,416,NULL
TAG_2_34_2,changeImageGroup,F03_1_2_34_2_T,http://192.168.245.3:9898/monitor/lighting/2_34_2,417,NULL
TAG_2_34_3,changeImageGroup,F03_1_2_34_3_T,http://192.168.245.3:9898/monitor/lighting/2_34_3,418,NULL
TAG_2_34_4,changeImageGroup,untitle_1_2_34_4_T,http://192.168.245.3:9898/monitor/lighting/2_34_4,419,NULL
TAG_2_35_1,changeImageGroup,F03_1_2_35_1_T,http://192.168.245.3:9898/monitor/lighting/2_35_1,420,NULL
TAG_2_35_2,changeImageGroup,F03_1_2_35_2_T,http://192.168.245.3:9898/monitor/lighting/2_35_2,421,NULL
TAG_2_35_3,changeImageGroup,F03_1_2_35_3_T,http://192.168.245.3:9898/monitor/lighting/2_35_3,422,NULL
TAG_2_35_4,changeImageGroup,F03_1_2_35_4_T,http://192.168.245.3:9898/monitor/lighting/2_35_4,423,NULL
TAG_2_36_1,changeImageGroup,F03_1_2_36_1_T,http://192.168.245.3:9898/monitor/lighting/2_36_1,424,NULL
TAG_2_36_2,changeImageGroup,F03_1_2_36_2_T,http://192.168.245.3:9898/monitor/lighting/2_36_2,425,NULL
TAG_2_36_3,changeImageGroup,F03_1_2_36_3_T,http://192.168.245.3:9898/monitor/lighting/2_36_3,426,NULL
TAG_2_36_4,changeImageGroup,F03_1_2_36_4_T,http://192.168.245.3:9898/monitor/lighting/2_36_4,427,NULL
TAG_2_37_1,changeImageGroup,F03_1_2_37_1_T,http://192.168.245.3:9898/monitor/lighting/2_37_1,428,NULL
TAG_2_37_2,changeImageGroup,F03_1_2_37_2_T,http://192.168.245.3:9898/monitor/lighting/2_37_2,429,NULL
TAG_2_37_3,changeImageGroup,F03_1_2_37_3_T,http://192.168.245.3:9898/monitor/lighting/2_37_3,430,NULL
TAG_2_37_4,changeImageGroup,F03_1_2_37_4_T,http://192.168.245.3:9898/monitor/lighting/2_37_4,431,NULL
TAG_2_38_1,changeImageGroup,F03_1_2_38_1_T,http://192.168.245.3:9898/monitor/lighting/2_38_1,432,NULL
TAG_2_38_2,changeImageGroup,F03_1_2_38_2_T,http://192.168.245.3:9898/monitor/lighting/2_38_2,433,NULL
TAG_2_38_3,changeImageGroup,F03_1_2_38_3_T,http://192.168.245.3:9898/monitor/lighting/2_38_3,434,NULL
TAG_2_38_4,changeImageGroup,F03_1_2_38_4_T,http://192.168.245.3:9898/monitor/lighting/2_38_4,435,NULL
TAG_2_39_1,changeImageGroup,F03_1_2_39_1_T,http://192.168.245.3:9898/monitor/lighting/2_39_1,436,NULL
TAG_2_39_2,changeImageGroup,F03_1_2_39_2_T,http://192.168.245.3:9898/monitor/lighting/2_39_2,437,NULL
TAG_2_39_3,changeImageGroup,F03_1_2_39_3_T,http://192.168.245.3:9898/monitor/lighting/2_39_3,438,NULL
TAG_2_39_4,changeImageGroup,F03_1_2_39_4_T,http://192.168.245.3:9898/monitor/lighting/2_39_4,439,NULL
TAG_2_4,changeImageGroup,ALL_1_2_4_G,http://192.168.245.3:9898/monitor/lighting/2_4,440,NULL
TAG_2_4_1,changeImageGroup,F04_1_2_4_1_T,http://192.168.245.3:9898/monitor/lighting/2_4_1,441,NULL
TAG_2_4_2,changeImageGroup,F04_1_2_4_2_T,http://192.168.245.3:9898/monitor/lighting/2_4_2,442,NULL
TAG_2_4_3,changeImageGroup,F04_1_2_4_3_T,http://192.168.245.3:9898/monitor/lighting/2_4_3,443,NULL
TAG_2_4_4,changeImageGroup,F04_1_2_4_4_T,http://192.168.245.3:9898/monitor/lighting/2_4_4,444,NULL
TAG_2_40_1,changeImageGroup,F03_1_2_40_1_T,http://192.168.245.3:9898/monitor/lighting/2_40_1,445,NULL
TAG_2_40_2,changeImageGroup,F03_1_2_40_2_T,http://192.168.245.3:9898/monitor/lighting/2_40_2,446,NULL
TAG_2_40_3,changeImageGroup,F03_1_2_40_3_T,http://192.168.245.3:9898/monitor/lighting/2_40_3,447,NULL
TAG_2_40_4,changeImageGroup,F03_1_2_40_4_T,http://192.168.245.3:9898/monitor/lighting/2_40_4,448,NULL
TAG_2_41_1,changeImageGroup,F03_1_2_41_1_T,http://192.168.245.3:9898/monitor/lighting/2_41_1,449,NULL
TAG_2_41_2,changeImageGroup,F03_1_2_41_2_T,http://192.168.245.3:9898/monitor/lighting/2_41_2,450,NULL
TAG_2_41_3,changeImageGroup,F03_1_2_41_3_T,http://192.168.245.3:9898/monitor/lighting/2_41_3,451,NULL
TAG_2_41_4,changeImageGroup,F03_1_2_41_4_T,http://192.168.245.3:9898/monitor/lighting/2_41_4,452,NULL
TAG_2_42_1,changeImageGroup,F03_1_2_42_1_T,http://192.168.245.3:9898/monitor/lighting/2_42_1,453,NULL
TAG_2_42_2,changeImageGroup,F03_1_2_42_2_T,http://192.168.245.3:9898/monitor/lighting/2_42_2,454,NULL
TAG_2_42_3,changeImageGroup,F03_1_2_42_3_T,http://192.168.245.3:9898/monitor/lighting/2_42_3,455,NULL
TAG_2_42_4,changeImageGroup,F03_1_2_42_4_T,http://192.168.245.3:9898/monitor/lighting/2_42_4,456,NULL
TAG_2_43_1,changeImageGroup,F03_1_2_43_1_T,http://192.168.245.3:9898/monitor/lighting/2_43_1,457,NULL
TAG_2_43_2,changeImageGroup,F03_1_2_43_2_T,http://192.168.245.3:9898/monitor/lighting/2_43_2,458,NULL
TAG_2_43_3,changeImageGroup,F03_1_2_43_3_T,http://192.168.245.3:9898/monitor/lighting/2_43_3,459,NULL
TAG_2_43_4,changeImageGroup,F03_1_2_43_4_T,http://192.168.245.3:9898/monitor/lighting/2_43_4,460,NULL
TAG_2_44_1,changeImageGroup,F03_1_2_44_1_T,http://192.168.245.3:9898/monitor/lighting/2_44_1,461,NULL
TAG_2_44_2,changeImageGroup,F03_1_2_44_2_T,http://192.168.245.3:9898/monitor/lighting/2_44_2,462,NULL
TAG_2_44_3,changeImageGroup,F03_1_2_44_3_T,http://192.168.245.3:9898/monitor/lighting/2_44_3,463,NULL
TAG_2_44_4,changeImageGroup,F03_1_2_44_4_T,http://192.168.245.3:9898/monitor/lighting/2_44_4,464,NULL
TAG_2_45_1,changeImageGroup,F03_1_2_45_1_T,http://192.168.245.3:9898/monitor/lighting/2_45_1,465,NULL
TAG_2_45_2,changeImageGroup,F03_1_2_45_2_T,http://192.168.245.3:9898/monitor/lighting/2_45_2,466,NULL
TAG_2_45_3,changeImageGroup,F03_1_2_45_3_T,http://192.168.245.3:9898/monitor/lighting/2_45_3,467,NULL
TAG_2_45_4,changeImageGroup,F03_1_2_45_4_T,http://192.168.245.3:9898/monitor/lighting/2_45_4,468,NULL
TAG_2_46_1,changeImageGroup,F03_1_2_46_1_T,http://192.168.245.3:9898/monitor/lighting/2_46_1,469,NULL
TAG_2_46_2,changeImageGroup,F03_1_2_46_2_T,http://192.168.245.3:9898/monitor/lighting/2_46_2,470,NULL
TAG_2_46_3,changeImageGroup,F03_1_2_46_3_T,http://192.168.245.3:9898/monitor/lighting/2_46_3,471,NULL
TAG_2_46_4,changeImageGroup,F03_1_2_46_4_T,http://192.168.245.3:9898/monitor/lighting/2_46_4,472,NULL
TAG_2_47_1,changeImageGroup,untitle_1_2_47_1_T,http://192.168.245.3:9898/monitor/lighting/2_47_1,473,NULL
TAG_2_47_2,changeImageGroup,F03_1_2_47_2_T,http://192.168.245.3:9898/monitor/lighting/2_47_2,474,NULL
TAG_2_47_3,changeImageGroup,F03_1_2_47_3_T,http://192.168.245.3:9898/monitor/lighting/2_47_3,475,NULL
TAG_2_47_4,changeImageGroup,F03_1_2_47_4_T,http://192.168.245.3:9898/monitor/lighting/2_47_4,476,NULL
TAG_2_48_1,changeImageGroup,F03_1_2_48_1_T,http://192.168.245.3:9898/monitor/lighting/2_48_1,477,NULL
TAG_2_48_2,changeImageGroup,F03_1_2_48_2_T,http://192.168.245.3:9898/monitor/lighting/2_48_2,478,NULL
TAG_2_48_3,changeImageGroup,F03_1_2_48_3_T,http://192.168.245.3:9898/monitor/lighting/2_48_3,479,NULL
TAG_2_48_4,changeImageGroup,F03_1_2_48_4_T,http://192.168.245.3:9898/monitor/lighting/2_48_4,480,NULL
TAG_2_49_1,changeImageGroup,F03_1_2_49_1_T,http://192.168.245.3:9898/monitor/lighting/2_49_1,481,NULL
TAG_2_49_2,changeImageGroup,F03_1_2_49_2_T,http://192.168.245.3:9898/monitor/lighting/2_49_2,482,NULL
TAG_2_49_3,changeImageGroup,F03_1_2_49_3_T,http://192.168.245.3:9898/monitor/lighting/2_49_3,483,NULL
TAG_2_49_4,changeImageGroup,F03_1_2_49_4_T,http://192.168.245.3:9898/monitor/lighting/2_49_4,484,NULL
TAG_2_5_1,changeImageGroup,F04_1_2_5_1_T,http://192.168.245.3:9898/monitor/lighting/2_5_1,485,NULL
TAG_2_5_2,changeImageGroup,F04_1_2_5_2_T,http://192.168.245.3:9898/monitor/lighting/2_5_2,486,NULL
TAG_2_5_3,changeImageGroup,F04_1_2_5_3_T,http://192.168.245.3:9898/monitor/lighting/2_5_3,487,NULL
TAG_2_5_4,changeImageGroup,untitle_1_2_5_4_T,http://192.168.245.3:9898/monitor/lighting/2_5_4,488,NULL
TAG_2_50_1,changeImageGroup,F03_1_2_50_1_T,http://192.168.245.3:9898/monitor/lighting/2_50_1,489,NULL
TAG_2_50_2,changeImageGroup,F03_1_2_50_2_T,http://192.168.245.3:9898/monitor/lighting/2_50_2,490,NULL
TAG_2_50_3,changeImageGroup,F03_1_2_50_3_T,http://192.168.245.3:9898/monitor/lighting/2_50_3,491,NULL
TAG_2_50_4,changeImageGroup,F03_1_2_50_4_T,http://192.168.245.3:9898/monitor/lighting/2_50_4,492,NULL
TAG_2_51_1,changeImageGroup,F03_1_2_51_1_T,http://192.168.245.3:9898/monitor/lighting/2_51_1,493,NULL
TAG_2_51_2,changeImageGroup,F03_1_2_51_2_T,http://192.168.245.3:9898/monitor/lighting/2_51_2,494,NULL
TAG_2_51_3,changeImageGroup,F03_1_2_51_3_T,http://192.168.245.3:9898/monitor/lighting/2_51_3,495,NULL
TAG_2_51_4,changeImageGroup,untitle_1_2_51_4_T,http://192.168.245.3:9898/monitor/lighting/2_51_4,496,NULL
TAG_2_52_1,changeImageGroup,F03_1_2_52_1_T,http://192.168.245.3:9898/monitor/lighting/2_52_1,497,NULL
TAG_2_52_2,changeImageGroup,F03_1_2_52_2_T,http://192.168.245.3:9898/monitor/lighting/2_52_2,498,NULL
TAG_2_52_3,changeImageGroup,F03_1_2_52_3_T,http://192.168.245.3:9898/monitor/lighting/2_52_3,499,NULL
TAG_2_52_4,changeImageGroup,untitle_1_2_52_4_T,http://192.168.245.3:9898/monitor/lighting/2_52_4,500,NULL
TAG_2_53_1,changeImageGroup,F03_1_2_53_1_T,http://192.168.245.3:9898/monitor/lighting/2_53_1,501,NULL
TAG_2_53_2,changeImageGroup,F03_1_2_53_2_T,http://192.168.245.3:9898/monitor/lighting/2_53_2,502,NULL
TAG_2_53_3,changeImageGroup,F03_1_2_53_3_T,http://192.168.245.3:9898/monitor/lighting/2_53_3,503,NULL
TAG_2_53_4,changeImageGroup,untitle_1_2_53_4_T,http://192.168.245.3:9898/monitor/lighting/2_53_4,504,NULL
TAG_2_54_1,changeImageGroup,F03_1_2_54_1_T,http://192.168.245.3:9898/monitor/lighting/2_54_1,505,NULL
TAG_2_54_2,changeImageGroup,untitle_1_2_54_2_T,http://192.168.245.3:9898/monitor/lighting/2_54_2,506,NULL
TAG_2_54_3,changeImageGroup,F03_1_2_54_3_T,http://192.168.245.3:9898/monitor/lighting/2_54_3,507,NULL
TAG_2_54_4,changeImageGroup,untitle_1_2_54_4_T,http://192.168.245.3:9898/monitor/lighting/2_54_4,508,NULL
TAG_2_55_1,changeImageGroup,untitle_1_2_55_1_T,http://192.168.245.3:9898/monitor/lighting/2_55_1,509,NULL
TAG_2_55_2,changeImageGroup,untitle_1_2_55_2_T,http://192.168.245.3:9898/monitor/lighting/2_55_2,510,NULL
TAG_2_55_3,changeImageGroup,untitle_1_2_55_3_T,http://192.168.245.3:9898/monitor/lighting/2_55_3,511,NULL
TAG_2_55_4,changeImageGroup,untitle_1_2_55_4_T,http://192.168.245.3:9898/monitor/lighting/2_55_4,512,NULL
TAG_2_56_1,changeImageGroup,untitle_1_2_56_1_T,http://192.168.245.3:9898/monitor/lighting/2_56_1,513,NULL
TAG_2_56_2,changeImageGroup,untitle_1_2_56_2_T,http://192.168.245.3:9898/monitor/lighting/2_56_2,514,NULL
TAG_2_56_3,changeImageGroup,untitle_1_2_56_3_T,http://192.168.245.3:9898/monitor/lighting/2_56_3,515,NULL
TAG_2_56_4,changeImageGroup,untitle_1_2_56_4_T,http://192.168.245.3:9898/monitor/lighting/2_56_4,516,NULL
TAG_2_57_1,changeImageGroup,untitle_1_2_57_1_T,http://192.168.245.3:9898/monitor/lighting/2_57_1,517,NULL
TAG_2_57_2,changeImageGroup,untitle_1_2_57_2_T,http://192.168.245.3:9898/monitor/lighting/2_57_2,518,NULL
TAG_2_57_3,changeImageGroup,untitle_1_2_57_3_T,http://192.168.245.3:9898/monitor/lighting/2_57_3,519,NULL
TAG_2_57_4,changeImageGroup,untitle_1_2_57_4_T,http://192.168.245.3:9898/monitor/lighting/2_57_4,520,NULL
TAG_2_58_1,changeImageGroup,untitle_1_2_58_1_T,http://192.168.245.3:9898/monitor/lighting/2_58_1,521,NULL
TAG_2_58_2,changeImageGroup,untitle_1_2_58_2_T,http://192.168.245.3:9898/monitor/lighting/2_58_2,522,NULL
TAG_2_58_3,changeImageGroup,untitle_1_2_58_3_T,http://192.168.245.3:9898/monitor/lighting/2_58_3,523,NULL
TAG_2_58_4,changeImageGroup,untitle_1_2_58_4_T,http://192.168.245.3:9898/monitor/lighting/2_58_4,524,NULL
TAG_2_59_1,changeImageGroup,untitle_1_2_59_1_T,http://192.168.245.3:9898/monitor/lighting/2_59_1,525,NULL
TAG_2_59_2,changeImageGroup,untitle_1_2_59_2_T,http://192.168.245.3:9898/monitor/lighting/2_59_2,526,NULL
TAG_2_59_3,changeImageGroup,untitle_1_2_59_3_T,http://192.168.245.3:9898/monitor/lighting/2_59_3,527,NULL
TAG_2_59_4,changeImageGroup,untitle_1_2_59_4_T,http://192.168.245.3:9898/monitor/lighting/2_59_4,528,NULL
TAG_2_6_1,changeImageGroup,F04_1_2_6_1_T,http://192.168.245.3:9898/monitor/lighting/2_6_1,529,NULL
TAG_2_6_2,changeImageGroup,F04_1_2_6_2_T,http://192.168.245.3:9898/monitor/lighting/2_6_2,530,NULL
TAG_2_6_3,changeImageGroup,F04_1_2_6_3_T,http://192.168.245.3:9898/monitor/lighting/2_6_3,531,NULL
TAG_2_6_4,changeImageGroup,F04_1_2_6_4_T,http://192.168.245.3:9898/monitor/lighting/2_6_4,532,NULL
TAG_2_60_1,changeImageGroup,untitle_1_2_60_1_T,http://192.168.245.3:9898/monitor/lighting/2_60_1,533,NULL
TAG_2_60_2,changeImageGroup,untitle_1_2_60_2_T,http://192.168.245.3:9898/monitor/lighting/2_60_2,534,NULL
TAG_2_60_3,changeImageGroup,untitle_1_2_60_3_T,http://192.168.245.3:9898/monitor/lighting/2_60_3,535,NULL
TAG_2_60_4,changeImageGroup,untitle_1_2_60_4_T,http://192.168.245.3:9898/monitor/lighting/2_60_4,536,NULL
TAG_2_61_1,changeImageGroup,untitle_1_2_61_1_T,http://192.168.245.3:9898/monitor/lighting/2_61_1,537,NULL
TAG_2_61_2,changeImageGroup,untitle_1_2_61_2_T,http://192.168.245.3:9898/monitor/lighting/2_61_2,538,NULL
TAG_2_61_3,changeImageGroup,untitle_1_2_61_3_T,http://192.168.245.3:9898/monitor/lighting/2_61_3,539,NULL
TAG_2_61_4,changeImageGroup,untitle_1_2_61_4_T,http://192.168.245.3:9898/monitor/lighting/2_61_4,540,NULL
TAG_2_62_1,changeImageGroup,untitle_1_2_62_1_T,http://192.168.245.3:9898/monitor/lighting/2_62_1,541,NULL
TAG_2_62_2,changeImageGroup,untitle_1_2_62_2_T,http://192.168.245.3:9898/monitor/lighting/2_62_2,542,NULL
TAG_2_62_3,changeImageGroup,untitle_1_2_62_3_T,http://192.168.245.3:9898/monitor/lighting/2_62_3,543,NULL
TAG_2_62_4,changeImageGroup,untitle_1_2_62_4_T,http://192.168.245.3:9898/monitor/lighting/2_62_4,544,NULL
TAG_2_63_1,changeImageGroup,untitle_1_2_63_1_T,http://192.168.245.3:9898/monitor/lighting/2_63_1,545,NULL
TAG_2_63_2,changeImageGroup,untitle_1_2_63_2_T,http://192.168.245.3:9898/monitor/lighting/2_63_2,546,NULL
TAG_2_63_3,changeImageGroup,untitle_1_2_63_3_T,http://192.168.245.3:9898/monitor/lighting/2_63_3,547,NULL
TAG_2_63_4,changeImageGroup,untitle_1_2_63_4_T,http://192.168.245.3:9898/monitor/lighting/2_63_4,548,NULL
TAG_2_64_1,changeImageGroup,untitle_1_2_64_1_T,http://192.168.245.3:9898/monitor/lighting/2_64_1,549,NULL
TAG_2_64_2,changeImageGroup,untitle_1_2_64_2_T,http://192.168.245.3:9898/monitor/lighting/2_64_2,550,NULL
TAG_2_64_3,changeImageGroup,untitle_1_2_64_3_T,http://192.168.245.3:9898/monitor/lighting/2_64_3,551,NULL
TAG_2_64_4,changeImageGroup,untitle_1_2_64_4_T,http://192.168.245.3:9898/monitor/lighting/2_64_4,552,NULL
TAG_2_65_1,changeImageGroup,untitle_1_2_65_1_T,http://192.168.245.3:9898/monitor/lighting/2_65_1,553,NULL
TAG_2_65_2,changeImageGroup,untitle_1_2_65_2_T,http://192.168.245.3:9898/monitor/lighting/2_65_2,554,NULL
TAG_2_65_3,changeImageGroup,untitle_1_2_65_3_T,http://192.168.245.3:9898/monitor/lighting/2_65_3,555,NULL
TAG_2_65_4,changeImageGroup,untitle_1_2_65_4_T,http://192.168.245.3:9898/monitor/lighting/2_65_4,556,NULL
TAG_2_66_1,changeImageGroup,untitle_1_2_66_1_T,http://192.168.245.3:9898/monitor/lighting/2_66_1,557,NULL
TAG_2_66_2,changeImageGroup,untitle_1_2_66_2_T,http://192.168.245.3:9898/monitor/lighting/2_66_2,558,NULL
TAG_2_66_3,changeImageGroup,untitle_1_2_66_3_T,http://192.168.245.3:9898/monitor/lighting/2_66_3,559,NULL
TAG_2_66_4,changeImageGroup,untitle_1_2_66_4_T,http://192.168.245.3:9898/monitor/lighting/2_66_4,560,NULL
TAG_2_67_1,changeImageGroup,untitle_1_2_67_1_T,http://192.168.245.3:9898/monitor/lighting/2_67_1,561,NULL
TAG_2_67_2,changeImageGroup,untitle_1_2_67_2_T,http://192.168.245.3:9898/monitor/lighting/2_67_2,562,NULL
TAG_2_67_3,changeImageGroup,untitle_1_2_67_3_T,http://192.168.245.3:9898/monitor/lighting/2_67_3,563,NULL
TAG_2_67_4,changeImageGroup,untitle_1_2_67_4_T,http://192.168.245.3:9898/monitor/lighting/2_67_4,564,NULL
TAG_2_68_1,changeImageGroup,untitle_1_2_68_1_T,http://192.168.245.3:9898/monitor/lighting/2_68_1,565,NULL
TAG_2_68_2,changeImageGroup,untitle_1_2_68_2_T,http://192.168.245.3:9898/monitor/lighting/2_68_2,566,NULL
TAG_2_68_3,changeImageGroup,untitle_1_2_68_3_T,http://192.168.245.3:9898/monitor/lighting/2_68_3,567,NULL
TAG_2_68_4,changeImageGroup,untitle_1_2_68_4_T,http://192.168.245.3:9898/monitor/lighting/2_68_4,568,NULL
TAG_2_69_1,changeImageGroup,untitle_1_2_69_1_T,http://192.168.245.3:9898/monitor/lighting/2_69_1,569,NULL
TAG_2_69_2,changeImageGroup,untitle_1_2_69_2_T,http://192.168.245.3:9898/monitor/lighting/2_69_2,570,NULL
TAG_2_69_3,changeImageGroup,untitle_1_2_69_3_T,http://192.168.245.3:9898/monitor/lighting/2_69_3,571,NULL
TAG_2_69_4,changeImageGroup,untitle_1_2_69_4_T,http://192.168.245.3:9898/monitor/lighting/2_69_4,572,NULL
TAG_2_7_1,changeImageGroup,F04_1_2_7_1_T,http://192.168.245.3:9898/monitor/lighting/2_7_1,573,NULL
TAG_2_7_2,changeImageGroup,F04_1_2_7_2_T,http://192.168.245.3:9898/monitor/lighting/2_7_2,574,NULL
TAG_2_7_3,changeImageGroup,F04_1_2_7_3_T,http://192.168.245.3:9898/monitor/lighting/2_7_3,575,NULL
TAG_2_7_4,changeImageGroup,F04_1_2_7_4_T,http://192.168.245.3:9898/monitor/lighting/2_7_4,576,NULL
TAG_2_70_1,changeImageGroup,untitle_1_2_70_1_T,http://192.168.245.3:9898/monitor/lighting/2_70_1,577,NULL
TAG_2_70_2,changeImageGroup,untitle_1_2_70_2_T,http://192.168.245.3:9898/monitor/lighting/2_70_2,578,NULL
TAG_2_70_3,changeImageGroup,untitle_1_2_70_3_T,http://192.168.245.3:9898/monitor/lighting/2_70_3,579,NULL
TAG_2_70_4,changeImageGroup,untitle_1_2_70_4_T,http://192.168.245.3:9898/monitor/lighting/2_70_4,580,NULL
TAG_2_71_1,changeImageGroup,untitle_1_2_71_1_T,http://192.168.245.3:9898/monitor/lighting/2_71_1,581,NULL
TAG_2_71_2,changeImageGroup,untitle_1_2_71_2_T,http://192.168.245.3:9898/monitor/lighting/2_71_2,582,NULL
TAG_2_8_1,changeImageGroup,F04_1_2_8_1_T,http://192.168.245.3:9898/monitor/lighting/2_8_1,583,NULL
TAG_2_8_2,changeImageGroup,F04_1_2_8_2_T,http://192.168.245.3:9898/monitor/lighting/2_8_2,584,NULL
TAG_2_8_3,changeImageGroup,F04_1_2_8_3_T,http://192.168.245.3:9898/monitor/lighting/2_8_3,585,NULL
TAG_2_8_4,changeImageGroup,F04_1_2_8_4_T,http://192.168.245.3:9898/monitor/lighting/2_8_4,586,NULL
TAG_2_9_1,changeImageGroup,F04_1_2_9_1_T,http://192.168.245.3:9898/monitor/lighting/2_9_1,587,NULL
TAG_2_9_2,changeImageGroup,F04_1_2_9_2_T,http://192.168.245.3:9898/monitor/lighting/2_9_2,588,NULL
TAG_2_9_3,changeImageGroup,untitle_1_2_9_3_T,http://192.168.245.3:9898/monitor/lighting/2_9_3,589,NULL
TAG_2_9_4,changeImageGroup,F04_1_2_9_4_T,http://192.168.245.3:9898/monitor/lighting/2_9_4,590,NULL
TAG_3_0_1,changeImageGroup,untitle_1_3_0_1_T,http://192.168.245.3:9898/monitor/lighting/3_0_1,591,NULL
TAG_3_0_2,changeImageGroup,untitle_1_3_0_2_T,http://192.168.245.3:9898/monitor/lighting/3_0_2,592,NULL
TAG_3_0_3,changeImageGroup,untitle_1_3_0_3_T,http://192.168.245.3:9898/monitor/lighting/3_0_3,593,NULL
TAG_3_0_4,changeImageGroup,untitle_1_3_0_4_T,http://192.168.245.3:9898/monitor/lighting/3_0_4,594,NULL
TAG_3_1_G,changeImageGroup,ALL_1_3_1_G,http://192.168.245.3:9898/monitor/lighting/3_1,595,NULL
TAG_3_1_P,changeImageGroup,ALL_1_3_1_P,http://192.168.245.3:9898/monitor/lighting/3_1,596,NULL
TAG_3_1_1,changeImageGroup,F06_1_3_1_1_T,http://192.168.245.3:9898/monitor/lighting/3_1_1,597,NULL
TAG_3_1_2,changeImageGroup,F06_1_3_1_2_T,http://192.168.245.3:9898/monitor/lighting/3_1_2,598,NULL
TAG_3_1_3,changeImageGroup,F06_1_3_1_3_T,http://192.168.245.3:9898/monitor/lighting/3_1_3,599,NULL
TAG_3_1_4,changeImageGroup,F06_1_3_1_4_T,http://192.168.245.3:9898/monitor/lighting/3_1_4,600,NULL
TAG_3_10_1,changeImageGroup,F06_1_3_10_1_T,http://192.168.245.3:9898/monitor/lighting/3_10_1,601,NULL
TAG_3_10_2,changeImageGroup,F06_1_3_10_2_T,http://192.168.245.3:9898/monitor/lighting/3_10_2,602,NULL
TAG_3_10_3,changeImageGroup,F06_1_3_10_3_T,http://192.168.245.3:9898/monitor/lighting/3_10_3,603,NULL
TAG_3_10_4,changeImageGroup,F06_1_3_10_4_T,http://192.168.245.3:9898/monitor/lighting/3_10_4,604,NULL
TAG_3_11_1,changeImageGroup,F06_1_3_11_1_T,http://192.168.245.3:9898/monitor/lighting/3_11_1,605,NULL
TAG_3_11_2,changeImageGroup,F06_1_3_11_2_T,http://192.168.245.3:9898/monitor/lighting/3_11_2,606,NULL
TAG_3_11_3,changeImageGroup,F06_1_3_11_3_T,http://192.168.245.3:9898/monitor/lighting/3_11_3,607,NULL
TAG_3_11_4,changeImageGroup,F06_1_3_11_4_T,http://192.168.245.3:9898/monitor/lighting/3_11_4,608,NULL
TAG_3_12_1,changeImageGroup,F06_1_3_12_1_T,http://192.168.245.3:9898/monitor/lighting/3_12_1,609,NULL
TAG_3_12_2,changeImageGroup,F06_1_3_12_2_T,http://192.168.245.3:9898/monitor/lighting/3_12_2,610,NULL
TAG_3_12_3,changeImageGroup,F07_1_3_12_3_T,http://192.168.245.3:9898/monitor/lighting/3_12_3,611,NULL
TAG_3_12_4,changeImageGroup,F06_1_3_12_4_T,http://192.168.245.3:9898/monitor/lighting/3_12_4,612,NULL
TAG_3_13_1,changeImageGroup,F07_1_3_13_1_T,http://192.168.245.3:9898/monitor/lighting/3_13_1,613,NULL
TAG_3_13_2,changeImageGroup,F06_1_3_13_2_T,http://192.168.245.3:9898/monitor/lighting/3_13_2,614,NULL
TAG_3_13_3,changeImageGroup,F06_1_3_13_3_T,http://192.168.245.3:9898/monitor/lighting/3_13_3,615,NULL
TAG_3_13_4,changeImageGroup,F06_1_3_13_4_T,http://192.168.245.3:9898/monitor/lighting/3_13_4,616,NULL
TAG_3_14_1,changeImageGroup,F06_1_3_14_1_T,http://192.168.245.3:9898/monitor/lighting/3_14_1,617,NULL
TAG_3_14_2,changeImageGroup,F06_1_3_14_2_T,http://192.168.245.3:9898/monitor/lighting/3_14_2,618,NULL
TAG_3_14_3,changeImageGroup,untitle_1_3_14_3_T,http://192.168.245.3:9898/monitor/lighting/3_14_3,619,NULL
TAG_3_14_4,changeImageGroup,F06_1_3_14_4_T,http://192.168.245.3:9898/monitor/lighting/3_14_4,620,NULL
TAG_3_15_1,changeImageGroup,F07_1_3_15_1_T,http://192.168.245.3:9898/monitor/lighting/3_15_1,621,NULL
TAG_3_15_2,changeImageGroup,F06_1_3_15_2_T,http://192.168.245.3:9898/monitor/lighting/3_15_2,622,NULL
TAG_3_15_3,changeImageGroup,F07_1_3_15_3_T,http://192.168.245.3:9898/monitor/lighting/3_15_3,623,NULL
TAG_3_15_4,changeImageGroup,F06_1_3_15_4_T,http://192.168.245.3:9898/monitor/lighting/3_15_4,624,NULL
TAG_3_16_1,changeImageGroup,F06_1_3_16_1_T,http://192.168.245.3:9898/monitor/lighting/3_16_1,625,NULL
TAG_3_16_2,changeImageGroup,F06_1_3_16_2_T,http://192.168.245.3:9898/monitor/lighting/3_16_2,626,NULL
TAG_3_16_3,changeImageGroup,F06_1_3_16_3_T,http://192.168.245.3:9898/monitor/lighting/3_16_3,627,NULL
TAG_3_16_4,changeImageGroup,F06_1_3_16_4_T,http://192.168.245.3:9898/monitor/lighting/3_16_4,628,NULL
TAG_3_17_1,changeImageGroup,F06_1_3_17_1_T,http://192.168.245.3:9898/monitor/lighting/3_17_1,629,NULL
TAG_3_17_2,changeImageGroup,F06_1_3_17_2_T,http://192.168.245.3:9898/monitor/lighting/3_17_2,630,NULL
TAG_3_17_3,changeImageGroup,F06_1_3_17_3_T,http://192.168.245.3:9898/monitor/lighting/3_17_3,631,NULL
TAG_3_17_4,changeImageGroup,F06_1_3_17_4_T,http://192.168.245.3:9898/monitor/lighting/3_17_4,632,NULL
TAG_3_18_1,changeImageGroup,F06_1_3_18_1_T,http://192.168.245.3:9898/monitor/lighting/3_18_1,633,NULL
TAG_3_18_2,changeImageGroup,F06_1_3_18_2_T,http://192.168.245.3:9898/monitor/lighting/3_18_2,634,NULL
TAG_3_18_3,changeImageGroup,F06_1_3_18_3_T,http://192.168.245.3:9898/monitor/lighting/3_18_3,635,NULL
TAG_3_18_4,changeImageGroup,F06_1_3_18_4_T,http://192.168.245.3:9898/monitor/lighting/3_18_4,636,NULL
TAG_3_19_1,changeImageGroup,F06_1_3_19_1_T,http://192.168.245.3:9898/monitor/lighting/3_19_1,637,NULL
TAG_3_19_2,changeImageGroup,F06_1_3_19_2_T,http://192.168.245.3:9898/monitor/lighting/3_19_2,638,NULL
TAG_3_19_3,changeImageGroup,F06_1_3_19_3_T,http://192.168.245.3:9898/monitor/lighting/3_19_3,639,NULL
TAG_3_19_4,changeImageGroup,F06_1_3_19_4_T,http://192.168.245.3:9898/monitor/lighting/3_19_4,640,NULL
TAG_3_2_G,changeImageGroup,ALL_1_3_2_G,http://192.168.245.3:9898/monitor/lighting/3_2,641,NULL
TAG_3_2_P,changeImageGroup,ALL_1_3_2_P,http://192.168.245.3:9898/monitor/lighting/3_2,642,NULL
TAG_3_2_1,changeImageGroup,F06_1_3_2_1_T,http://192.168.245.3:9898/monitor/lighting/3_2_1,643,NULL
TAG_3_2_2,changeImageGroup,F06_1_3_2_2_T,http://192.168.245.3:9898/monitor/lighting/3_2_2,644,NULL
TAG_3_2_3,changeImageGroup,F06_1_3_2_3_T,http://192.168.245.3:9898/monitor/lighting/3_2_3,645,NULL
TAG_3_2_4,changeImageGroup,F06_1_3_2_4_T,http://192.168.245.3:9898/monitor/lighting/3_2_4,646,NULL
TAG_3_20_1,changeImageGroup,F05_1_3_20_1_T,http://192.168.245.3:9898/monitor/lighting/3_20_1,647,NULL
TAG_3_20_2,changeImageGroup,F05_1_3_20_2_T,http://192.168.245.3:9898/monitor/lighting/3_20_2,648,NULL
TAG_3_20_3,changeImageGroup,F05_1_3_20_3_T,http://192.168.245.3:9898/monitor/lighting/3_20_3,649,NULL
TAG_3_20_4,changeImageGroup,F05_1_3_20_4_T,http://192.168.245.3:9898/monitor/lighting/3_20_4,650,NULL
TAG_3_21_1,changeImageGroup,F05_1_3_21_1_T,http://192.168.245.3:9898/monitor/lighting/3_21_1,651,NULL
TAG_3_21_2,changeImageGroup,F05_1_3_21_2_T,http://192.168.245.3:9898/monitor/lighting/3_21_2,652,NULL
TAG_3_21_3,changeImageGroup,F05_1_3_21_3_T,http://192.168.245.3:9898/monitor/lighting/3_21_3,653,NULL
TAG_3_21_4,changeImageGroup,F05_1_3_21_4_T,http://192.168.245.3:9898/monitor/lighting/3_21_4,654,NULL
TAG_3_22_1,changeImageGroup,F05_1_3_22_1_T,http://192.168.245.3:9898/monitor/lighting/3_22_1,655,NULL
TAG_3_22_2,changeImageGroup,F05_1_3_22_2_T,http://192.168.245.3:9898/monitor/lighting/3_22_2,656,NULL
TAG_3_22_3,changeImageGroup,F05_1_3_22_3_T,http://192.168.245.3:9898/monitor/lighting/3_22_3,657,NULL
TAG_3_22_4,changeImageGroup,F05_1_3_22_4_T,http://192.168.245.3:9898/monitor/lighting/3_22_4,658,NULL
TAG_3_23_1,changeImageGroup,F05_1_3_23_1_T,http://192.168.245.3:9898/monitor/lighting/3_23_1,659,NULL
TAG_3_23_2,changeImageGroup,F05_1_3_23_2_T,http://192.168.245.3:9898/monitor/lighting/3_23_2,660,NULL
TAG_3_23_3,changeImageGroup,untitle_1_3_23_3_T,http://192.168.245.3:9898/monitor/lighting/3_23_3,661,NULL
TAG_3_23_4,changeImageGroup,untitle_1_3_23_4_T,http://192.168.245.3:9898/monitor/lighting/3_23_4,662,NULL
TAG_3_24_1,changeImageGroup,F06_1_3_24_1_T,http://192.168.245.3:9898/monitor/lighting/3_24_1,663,NULL
TAG_3_24_2,changeImageGroup,F07_1_3_24_2_T,http://192.168.245.3:9898/monitor/lighting/3_24_2,664,NULL
TAG_3_24_3,changeImageGroup,F06_1_3_24_3_T,http://192.168.245.3:9898/monitor/lighting/3_24_3,665,NULL
TAG_3_24_4,changeImageGroup,F07_1_3_24_4_T,http://192.168.245.3:9898/monitor/lighting/3_24_4,666,NULL
TAG_3_25_1,changeImageGroup,F06_1_3_25_1_T,http://192.168.245.3:9898/monitor/lighting/3_25_1,667,NULL
TAG_3_25_2,changeImageGroup,F07_1_3_25_2_T,http://192.168.245.3:9898/monitor/lighting/3_25_2,668,NULL
TAG_3_25_3,changeImageGroup,F06_1_3_25_3_T,http://192.168.245.3:9898/monitor/lighting/3_25_3,669,NULL
TAG_3_25_4,changeImageGroup,F07_1_3_25_4_T,http://192.168.245.3:9898/monitor/lighting/3_25_4,670,NULL
TAG_3_26_1,changeImageGroup,untitle_1_3_26_1_T,http://192.168.245.3:9898/monitor/lighting/3_26_1,671,NULL
TAG_3_26_2,changeImageGroup,F07_1_3_26_2_T,http://192.168.245.3:9898/monitor/lighting/3_26_2,672,NULL
TAG_3_26_3,changeImageGroup,untitle_1_3_26_3_T,http://192.168.245.3:9898/monitor/lighting/3_26_3,673,NULL
TAG_3_26_4,changeImageGroup,F07_1_3_26_4_T,http://192.168.245.3:9898/monitor/lighting/3_26_4,674,NULL
TAG_3_27_1,changeImageGroup,F05_1_3_27_1_T,http://192.168.245.3:9898/monitor/lighting/3_27_1,675,NULL
TAG_3_27_2,changeImageGroup,F05_1_3_27_2_T,http://192.168.245.3:9898/monitor/lighting/3_27_2,676,NULL
TAG_3_27_3,changeImageGroup,F05_1_3_27_3_T,http://192.168.245.3:9898/monitor/lighting/3_27_3,677,NULL
TAG_3_27_4,changeImageGroup,F05_1_3_27_4_T,http://192.168.245.3:9898/monitor/lighting/3_27_4,678,NULL
TAG_3_28_1,changeImageGroup,F05_1_3_28_1_T,http://192.168.245.3:9898/monitor/lighting/3_28_1,679,NULL
TAG_3_28_2,changeImageGroup,F05_1_3_28_2_T,http://192.168.245.3:9898/monitor/lighting/3_28_2,680,NULL
TAG_3_28_3,changeImageGroup,F05_1_3_28_3_T,http://192.168.245.3:9898/monitor/lighting/3_28_3,681,NULL
TAG_3_28_4,changeImageGroup,F05_1_3_28_4_T,http://192.168.245.3:9898/monitor/lighting/3_28_4,682,NULL
TAG_3_29_1,changeImageGroup,F05_1_3_29_1_T,http://192.168.245.3:9898/monitor/lighting/3_29_1,683,NULL
TAG_3_29_2,changeImageGroup,untitle_1_3_29_2_T,http://192.168.245.3:9898/monitor/lighting/3_29_2,684,NULL
TAG_3_29_3,changeImageGroup,F05_1_3_29_3_T,http://192.168.245.3:9898/monitor/lighting/3_29_3,685,NULL
TAG_3_29_4,changeImageGroup,F05_1_3_29_4_T,http://192.168.245.3:9898/monitor/lighting/3_29_4,686,NULL
TAG_3_3,changeImageGroup,ALL_1_3_3_G,http://192.168.245.3:9898/monitor/lighting/3_3,687,NULL
TAG_3_3_1,changeImageGroup,F06_1_3_3_1_T,http://192.168.245.3:9898/monitor/lighting/3_3_1,688,NULL
TAG_3_3_2,changeImageGroup,F06_1_3_3_2_T,http://192.168.245.3:9898/monitor/lighting/3_3_2,689,NULL
TAG_3_3_3,changeImageGroup,F06_1_3_3_3_T,http://192.168.245.3:9898/monitor/lighting/3_3_3,690,NULL
TAG_3_3_4,changeImageGroup,F06_1_3_3_4_T,http://192.168.245.3:9898/monitor/lighting/3_3_4,691,NULL
TAG_3_30_1,changeImageGroup,F05_1_3_30_1_T,http://192.168.245.3:9898/monitor/lighting/3_30_1,692,NULL
TAG_3_30_2,changeImageGroup,F05_1_3_30_2_T,http://192.168.245.3:9898/monitor/lighting/3_30_2,693,NULL
TAG_3_30_3,changeImageGroup,F05_1_3_30_3_T,http://192.168.245.3:9898/monitor/lighting/3_30_3,694,NULL
TAG_3_30_4,changeImageGroup,F05_1_3_30_4_T,http://192.168.245.3:9898/monitor/lighting/3_30_4,695,NULL
TAG_3_31_1,changeImageGroup,F05_1_3_31_1_T,http://192.168.245.3:9898/monitor/lighting/3_31_1,696,NULL
TAG_3_31_2,changeImageGroup,F05_1_3_31_2_T,http://192.168.245.3:9898/monitor/lighting/3_31_2,697,NULL
TAG_3_31_3,changeImageGroup,F05_1_3_31_3_T,http://192.168.245.3:9898/monitor/lighting/3_31_3,698,NULL
TAG_3_31_4,changeImageGroup,F05_1_3_31_4_T,http://192.168.245.3:9898/monitor/lighting/3_31_4,699,NULL
TAG_3_32_1,changeImageGroup,F05_1_3_32_1_T,http://192.168.245.3:9898/monitor/lighting/3_32_1,700,NULL
TAG_3_32_2,changeImageGroup,F05_1_3_32_2_T,http://192.168.245.3:9898/monitor/lighting/3_32_2,701,NULL
TAG_3_32_3,changeImageGroup,F05_1_3_32_3_T,http://192.168.245.3:9898/monitor/lighting/3_32_3,702,NULL
TAG_3_32_4,changeImageGroup,F05_1_3_32_4_T,http://192.168.245.3:9898/monitor/lighting/3_32_4,703,NULL
TAG_3_33_1,changeImageGroup,F05_1_3_33_1_T,http://192.168.245.3:9898/monitor/lighting/3_33_1,704,NULL
TAG_3_33_2,changeImageGroup,F05_1_3_33_2_T,http://192.168.245.3:9898/monitor/lighting/3_33_2,705,NULL
TAG_3_33_3,changeImageGroup,F05_1_3_33_3_T,http://192.168.245.3:9898/monitor/lighting/3_33_3,706,NULL
TAG_3_33_4,changeImageGroup,F05_1_3_33_4_T,http://192.168.245.3:9898/monitor/lighting/3_33_4,707,NULL
TAG_3_34_1,changeImageGroup,F05_1_3_34_1_T,http://192.168.245.3:9898/monitor/lighting/3_34_1,708,NULL
TAG_3_34_2,changeImageGroup,F05_1_3_34_2_T,http://192.168.245.3:9898/monitor/lighting/3_34_2,709,NULL
TAG_3_34_3,changeImageGroup,F05_1_3_34_3_T,http://192.168.245.3:9898/monitor/lighting/3_34_3,710,NULL
TAG_3_34_4,changeImageGroup,F05_1_3_34_4_T,http://192.168.245.3:9898/monitor/lighting/3_34_4,711,NULL
TAG_3_35_1,changeImageGroup,F05_1_3_35_1_T,http://192.168.245.3:9898/monitor/lighting/3_35_1,712,NULL
TAG_3_35_2,changeImageGroup,F05_1_3_35_2_T,http://192.168.245.3:9898/monitor/lighting/3_35_2,713,NULL
TAG_3_35_3,changeImageGroup,F05_1_3_35_3_T,http://192.168.245.3:9898/monitor/lighting/3_35_3,714,NULL
TAG_3_35_4,changeImageGroup,F05_1_3_35_4_T,http://192.168.245.3:9898/monitor/lighting/3_35_4,715,NULL
TAG_3_36_1,changeImageGroup,F05_1_3_36_1_T,http://192.168.245.3:9898/monitor/lighting/3_36_1,716,NULL
TAG_3_36_2,changeImageGroup,F05_1_3_36_2_T,http://192.168.245.3:9898/monitor/lighting/3_36_2,717,NULL
TAG_3_36_3,changeImageGroup,F05_1_3_36_3_T,http://192.168.245.3:9898/monitor/lighting/3_36_3,718,NULL
TAG_3_36_4,changeImageGroup,F05_1_3_36_4_T,http://192.168.245.3:9898/monitor/lighting/3_36_4,719,NULL
TAG_3_37_1,changeImageGroup,F05_1_3_37_1_T,http://192.168.245.3:9898/monitor/lighting/3_37_1,720,NULL
TAG_3_37_2,changeImageGroup,F05_1_3_37_2_T,http://192.168.245.3:9898/monitor/lighting/3_37_2,721,NULL
TAG_3_37_3,changeImageGroup,F05_1_3_37_3_T,http://192.168.245.3:9898/monitor/lighting/3_37_3,722,NULL
TAG_3_37_4,changeImageGroup,F05_1_3_37_4_T,http://192.168.245.3:9898/monitor/lighting/3_37_4,723,NULL
TAG_3_38_1,changeImageGroup,F05_1_3_38_1_T,http://192.168.245.3:9898/monitor/lighting/3_38_1,724,NULL
TAG_3_38_2,changeImageGroup,F05_1_3_38_2_T,http://192.168.245.3:9898/monitor/lighting/3_38_2,725,NULL
TAG_3_38_3,changeImageGroup,untitle_1_3_38_3_T,http://192.168.245.3:9898/monitor/lighting/3_38_3,726,NULL
TAG_3_38_4,changeImageGroup,F05_1_3_38_4_T,http://192.168.245.3:9898/monitor/lighting/3_38_4,727,NULL
TAG_3_39_1,changeImageGroup,F05_1_3_39_1_T,http://192.168.245.3:9898/monitor/lighting/3_39_1,728,NULL
TAG_3_39_2,changeImageGroup,F05_1_3_39_2_T,http://192.168.245.3:9898/monitor/lighting/3_39_2,729,NULL
TAG_3_39_3,changeImageGroup,F05_1_3_39_3_T,http://192.168.245.3:9898/monitor/lighting/3_39_3,730,NULL
TAG_3_39_4,changeImageGroup,F05_1_3_39_4_T,http://192.168.245.3:9898/monitor/lighting/3_39_4,731,NULL
TAG_3_4,changeImageGroup,ALL_1_3_4_G,http://192.168.245.3:9898/monitor/lighting/3_4,732,NULL
TAG_3_4_1,changeImageGroup,F06_1_3_4_1_T,http://192.168.245.3:9898/monitor/lighting/3_4_1,733,NULL
TAG_3_4_2,changeImageGroup,F06_1_3_4_2_T,http://192.168.245.3:9898/monitor/lighting/3_4_2,734,NULL
TAG_3_4_3,changeImageGroup,F06_1_3_4_3_T,http://192.168.245.3:9898/monitor/lighting/3_4_3,735,NULL
TAG_3_4_4,changeImageGroup,F06_1_3_4_4_T,http://192.168.245.3:9898/monitor/lighting/3_4_4,736,NULL
TAG_3_40_1,changeImageGroup,F05_1_3_40_1_T,http://192.168.245.3:9898/monitor/lighting/3_40_1,737,NULL
TAG_3_40_2,changeImageGroup,F05_1_3_40_2_T,http://192.168.245.3:9898/monitor/lighting/3_40_2,738,NULL
TAG_3_40_3,changeImageGroup,F05_1_3_40_3_T,http://192.168.245.3:9898/monitor/lighting/3_40_3,739,NULL
TAG_3_40_4,changeImageGroup,F05_1_3_40_4_T,http://192.168.245.3:9898/monitor/lighting/3_40_4,740,NULL
TAG_3_41_1,changeImageGroup,F05_1_3_41_1_T,http://192.168.245.3:9898/monitor/lighting/3_41_1,741,NULL
TAG_3_41_2,changeImageGroup,F05_1_3_41_2_T,http://192.168.245.3:9898/monitor/lighting/3_41_2,742,NULL
TAG_3_41_3,changeImageGroup,F05_1_3_41_3_T,http://192.168.245.3:9898/monitor/lighting/3_41_3,743,NULL
TAG_3_41_4,changeImageGroup,F05_1_3_41_4_T,http://192.168.245.3:9898/monitor/lighting/3_41_4,744,NULL
TAG_3_42_1,changeImageGroup,F05_1_3_42_1_T,http://192.168.245.3:9898/monitor/lighting/3_42_1,745,NULL
TAG_3_42_2,changeImageGroup,F05_1_3_42_2_T,http://192.168.245.3:9898/monitor/lighting/3_42_2,746,NULL
TAG_3_42_3,changeImageGroup,F05_1_3_42_3_T,http://192.168.245.3:9898/monitor/lighting/3_42_3,747,NULL
TAG_3_42_4,changeImageGroup,F05_1_3_42_4_T,http://192.168.245.3:9898/monitor/lighting/3_42_4,748,NULL
TAG_3_43_1,changeImageGroup,F05_1_3_43_1_T,http://192.168.245.3:9898/monitor/lighting/3_43_1,749,NULL
TAG_3_43_2,changeImageGroup,F05_1_3_43_2_T,http://192.168.245.3:9898/monitor/lighting/3_43_2,750,NULL
TAG_3_43_3,changeImageGroup,F05_1_3_43_3_T,http://192.168.245.3:9898/monitor/lighting/3_43_3,751,NULL
TAG_3_43_4,changeImageGroup,F05_1_3_43_4_T,http://192.168.245.3:9898/monitor/lighting/3_43_4,752,NULL
TAG_3_44_1,changeImageGroup,F05_1_3_44_1_T,http://192.168.245.3:9898/monitor/lighting/3_44_1,753,NULL
TAG_3_44_2,changeImageGroup,F05_1_3_44_2_T,http://192.168.245.3:9898/monitor/lighting/3_44_2,754,NULL
TAG_3_44_3,changeImageGroup,F05_1_3_44_3_T,http://192.168.245.3:9898/monitor/lighting/3_44_3,755,NULL
TAG_3_44_4,changeImageGroup,untitle_1_3_44_4_T,http://192.168.245.3:9898/monitor/lighting/3_44_4,756,NULL
TAG_3_45_1,changeImageGroup,untitle_1_3_45_1_T,http://192.168.245.3:9898/monitor/lighting/3_45_1,757,NULL
TAG_3_45_2,changeImageGroup,untitle_1_3_45_2_T,http://192.168.245.3:9898/monitor/lighting/3_45_2,758,NULL
TAG_3_45_3,changeImageGroup,untitle_1_3_45_3_T,http://192.168.245.3:9898/monitor/lighting/3_45_3,759,NULL
TAG_3_45_4,changeImageGroup,untitle_1_3_45_4_T,http://192.168.245.3:9898/monitor/lighting/3_45_4,760,NULL
TAG_3_46_1,changeImageGroup,untitle_1_3_46_1_T,http://192.168.245.3:9898/monitor/lighting/3_46_1,761,NULL
TAG_3_46_2,changeImageGroup,untitle_1_3_46_2_T,http://192.168.245.3:9898/monitor/lighting/3_46_2,762,NULL
TAG_3_46_3,changeImageGroup,untitle_1_3_46_3_T,http://192.168.245.3:9898/monitor/lighting/3_46_3,763,NULL
TAG_3_46_4,changeImageGroup,untitle_1_3_46_4_T,http://192.168.245.3:9898/monitor/lighting/3_46_4,764,NULL
TAG_3_47_1,changeImageGroup,untitle_1_3_47_1_T,http://192.168.245.3:9898/monitor/lighting/3_47_1,765,NULL
TAG_3_47_2,changeImageGroup,untitle_1_3_47_2_T,http://192.168.245.3:9898/monitor/lighting/3_47_2,766,NULL
TAG_3_47_3,changeImageGroup,untitle_1_3_47_3_T,http://192.168.245.3:9898/monitor/lighting/3_47_3,767,NULL
TAG_3_47_4,changeImageGroup,untitle_1_3_47_4_T,http://192.168.245.3:9898/monitor/lighting/3_47_4,768,NULL
TAG_3_48_1,changeImageGroup,untitle_1_3_48_1_T,http://192.168.245.3:9898/monitor/lighting/3_48_1,769,NULL
TAG_3_48_2,changeImageGroup,untitle_1_3_48_2_T,http://192.168.245.3:9898/monitor/lighting/3_48_2,770,NULL
TAG_3_48_3,changeImageGroup,untitle_1_3_48_3_T,http://192.168.245.3:9898/monitor/lighting/3_48_3,771,NULL
TAG_3_48_4,changeImageGroup,untitle_1_3_48_4_T,http://192.168.245.3:9898/monitor/lighting/3_48_4,772,NULL
TAG_3_49_1,changeImageGroup,untitle_1_3_49_1_T,http://192.168.245.3:9898/monitor/lighting/3_49_1,773,NULL
TAG_3_49_2,changeImageGroup,untitle_1_3_49_2_T,http://192.168.245.3:9898/monitor/lighting/3_49_2,774,NULL
TAG_3_49_3,changeImageGroup,untitle_1_3_49_3_T,http://192.168.245.3:9898/monitor/lighting/3_49_3,775,NULL
TAG_3_49_4,changeImageGroup,untitle_1_3_49_4_T,http://192.168.245.3:9898/monitor/lighting/3_49_4,776,NULL
TAG_3_5_1,changeImageGroup,F06_1_3_5_1_T,http://192.168.245.3:9898/monitor/lighting/3_5_1,777,NULL
TAG_3_5_2,changeImageGroup,F06_1_3_5_2_T,http://192.168.245.3:9898/monitor/lighting/3_5_2,778,NULL
TAG_3_5_3,changeImageGroup,F06_1_3_5_3_T,http://192.168.245.3:9898/monitor/lighting/3_5_3,779,NULL
TAG_3_5_4,changeImageGroup,F06_1_3_5_4_T,http://192.168.245.3:9898/monitor/lighting/3_5_4,780,NULL
TAG_3_50_1,changeImageGroup,untitle_1_3_50_1_T,http://192.168.245.3:9898/monitor/lighting/3_50_1,781,NULL
TAG_3_50_2,changeImageGroup,untitle_1_3_50_2_T,http://192.168.245.3:9898/monitor/lighting/3_50_2,782,NULL
TAG_3_50_3,changeImageGroup,untitle_1_3_50_3_T,http://192.168.245.3:9898/monitor/lighting/3_50_3,783,NULL
TAG_3_50_4,changeImageGroup,untitle_1_3_50_4_T,http://192.168.245.3:9898/monitor/lighting/3_50_4,784,NULL
TAG_3_51_1,changeImageGroup,untitle_1_3_51_1_T,http://192.168.245.3:9898/monitor/lighting/3_51_1,785,NULL
TAG_3_51_2,changeImageGroup,untitle_1_3_51_2_T,http://192.168.245.3:9898/monitor/lighting/3_51_2,786,NULL
TAG_3_51_3,changeImageGroup,untitle_1_3_51_3_T,http://192.168.245.3:9898/monitor/lighting/3_51_3,787,NULL
TAG_3_51_4,changeImageGroup,untitle_1_3_51_4_T,http://192.168.245.3:9898/monitor/lighting/3_51_4,788,NULL
TAG_3_52_1,changeImageGroup,untitle_1_3_52_1_T,http://192.168.245.3:9898/monitor/lighting/3_52_1,789,NULL
TAG_3_52_2,changeImageGroup,untitle_1_3_52_2_T,http://192.168.245.3:9898/monitor/lighting/3_52_2,790,NULL
TAG_3_52_3,changeImageGroup,untitle_1_3_52_3_T,http://192.168.245.3:9898/monitor/lighting/3_52_3,791,NULL
TAG_3_52_4,changeImageGroup,untitle_1_3_52_4_T,http://192.168.245.3:9898/monitor/lighting/3_52_4,792,NULL
TAG_3_53_1,changeImageGroup,untitle_1_3_53_1_T,http://192.168.245.3:9898/monitor/lighting/3_53_1,793,NULL
TAG_3_53_2,changeImageGroup,untitle_1_3_53_2_T,http://192.168.245.3:9898/monitor/lighting/3_53_2,794,NULL
TAG_3_53_3,changeImageGroup,untitle_1_3_53_3_T,http://192.168.245.3:9898/monitor/lighting/3_53_3,795,NULL
TAG_3_53_4,changeImageGroup,untitle_1_3_53_4_T,http://192.168.245.3:9898/monitor/lighting/3_53_4,796,NULL
TAG_3_54_1,changeImageGroup,untitle_1_3_54_1_T,http://192.168.245.3:9898/monitor/lighting/3_54_1,797,NULL
TAG_3_54_2,changeImageGroup,untitle_1_3_54_2_T,http://192.168.245.3:9898/monitor/lighting/3_54_2,798,NULL
TAG_3_54_3,changeImageGroup,untitle_1_3_54_3_T,http://192.168.245.3:9898/monitor/lighting/3_54_3,799,NULL
TAG_3_54_4,changeImageGroup,untitle_1_3_54_4_T,http://192.168.245.3:9898/monitor/lighting/3_54_4,800,NULL
TAG_3_55_1,changeImageGroup,untitle_1_3_55_1_T,http://192.168.245.3:9898/monitor/lighting/3_55_1,801,NULL
TAG_3_55_2,changeImageGroup,untitle_1_3_55_2_T,http://192.168.245.3:9898/monitor/lighting/3_55_2,802,NULL
TAG_3_55_3,changeImageGroup,untitle_1_3_55_3_T,http://192.168.245.3:9898/monitor/lighting/3_55_3,803,NULL
TAG_3_55_4,changeImageGroup,untitle_1_3_55_4_T,http://192.168.245.3:9898/monitor/lighting/3_55_4,804,NULL
TAG_3_56_1,changeImageGroup,untitle_1_3_56_1_T,http://192.168.245.3:9898/monitor/lighting/3_56_1,805,NULL
TAG_3_56_2,changeImageGroup,untitle_1_3_56_2_T,http://192.168.245.3:9898/monitor/lighting/3_56_2,806,NULL
TAG_3_56_3,changeImageGroup,untitle_1_3_56_3_T,http://192.168.245.3:9898/monitor/lighting/3_56_3,807,NULL
TAG_3_56_4,changeImageGroup,untitle_1_3_56_4_T,http://192.168.245.3:9898/monitor/lighting/3_56_4,808,NULL
TAG_3_57_1,changeImageGroup,untitle_1_3_57_1_T,http://192.168.245.3:9898/monitor/lighting/3_57_1,809,NULL
TAG_3_57_2,changeImageGroup,untitle_1_3_57_2_T,http://192.168.245.3:9898/monitor/lighting/3_57_2,810,NULL
TAG_3_57_3,changeImageGroup,untitle_1_3_57_3_T,http://192.168.245.3:9898/monitor/lighting/3_57_3,811,NULL
TAG_3_57_4,changeImageGroup,untitle_1_3_57_4_T,http://192.168.245.3:9898/monitor/lighting/3_57_4,812,NULL
TAG_3_58_1,changeImageGroup,untitle_1_3_58_1_T,http://192.168.245.3:9898/monitor/lighting/3_58_1,813,NULL
TAG_3_58_2,changeImageGroup,untitle_1_3_58_2_T,http://192.168.245.3:9898/monitor/lighting/3_58_2,814,NULL
TAG_3_58_3,changeImageGroup,untitle_1_3_58_3_T,http://192.168.245.3:9898/monitor/lighting/3_58_3,815,NULL
TAG_3_58_4,changeImageGroup,untitle_1_3_58_4_T,http://192.168.245.3:9898/monitor/lighting/3_58_4,816,NULL
TAG_3_59_1,changeImageGroup,untitle_1_3_59_1_T,http://192.168.245.3:9898/monitor/lighting/3_59_1,817,NULL
TAG_3_59_2,changeImageGroup,untitle_1_3_59_2_T,http://192.168.245.3:9898/monitor/lighting/3_59_2,818,NULL
TAG_3_59_3,changeImageGroup,untitle_1_3_59_3_T,http://192.168.245.3:9898/monitor/lighting/3_59_3,819,NULL
TAG_3_59_4,changeImageGroup,untitle_1_3_59_4_T,http://192.168.245.3:9898/monitor/lighting/3_59_4,820,NULL
TAG_3_6_1,changeImageGroup,F06_1_3_6_1_T,http://192.168.245.3:9898/monitor/lighting/3_6_1,821,NULL
TAG_3_6_2,changeImageGroup,F06_1_3_6_2_T,http://192.168.245.3:9898/monitor/lighting/3_6_2,822,NULL
TAG_3_6_3,changeImageGroup,F06_1_3_6_3_T,http://192.168.245.3:9898/monitor/lighting/3_6_3,823,NULL
TAG_3_6_4,changeImageGroup,F06_1_3_6_4_T,http://192.168.245.3:9898/monitor/lighting/3_6_4,824,NULL
TAG_3_60_1,changeImageGroup,untitle_1_3_60_1_T,http://192.168.245.3:9898/monitor/lighting/3_60_1,825,NULL
TAG_3_60_2,changeImageGroup,untitle_1_3_60_2_T,http://192.168.245.3:9898/monitor/lighting/3_60_2,826,NULL
TAG_3_60_3,changeImageGroup,untitle_1_3_60_3_T,http://192.168.245.3:9898/monitor/lighting/3_60_3,827,NULL
TAG_3_60_4,changeImageGroup,untitle_1_3_60_4_T,http://192.168.245.3:9898/monitor/lighting/3_60_4,828,NULL
TAG_3_61_1,changeImageGroup,untitle_1_3_61_1_T,http://192.168.245.3:9898/monitor/lighting/3_61_1,829,NULL
TAG_3_61_2,changeImageGroup,untitle_1_3_61_2_T,http://192.168.245.3:9898/monitor/lighting/3_61_2,830,NULL
TAG_3_61_3,changeImageGroup,untitle_1_3_61_3_T,http://192.168.245.3:9898/monitor/lighting/3_61_3,831,NULL
TAG_3_61_4,changeImageGroup,untitle_1_3_61_4_T,http://192.168.245.3:9898/monitor/lighting/3_61_4,832,NULL
TAG_3_62_1,changeImageGroup,untitle_1_3_62_1_T,http://192.168.245.3:9898/monitor/lighting/3_62_1,833,NULL
TAG_3_62_2,changeImageGroup,untitle_1_3_62_2_T,http://192.168.245.3:9898/monitor/lighting/3_62_2,834,NULL
TAG_3_62_3,changeImageGroup,untitle_1_3_62_3_T,http://192.168.245.3:9898/monitor/lighting/3_62_3,835,NULL
TAG_3_62_4,changeImageGroup,untitle_1_3_62_4_T,http://192.168.245.3:9898/monitor/lighting/3_62_4,836,NULL
TAG_3_63_1,changeImageGroup,untitle_1_3_63_1_T,http://192.168.245.3:9898/monitor/lighting/3_63_1,837,NULL
TAG_3_63_2,changeImageGroup,untitle_1_3_63_2_T,http://192.168.245.3:9898/monitor/lighting/3_63_2,838,NULL
TAG_3_63_3,changeImageGroup,untitle_1_3_63_3_T,http://192.168.245.3:9898/monitor/lighting/3_63_3,839,NULL
TAG_3_63_4,changeImageGroup,untitle_1_3_63_4_T,http://192.168.245.3:9898/monitor/lighting/3_63_4,840,NULL
TAG_3_64_1,changeImageGroup,untitle_1_3_64_1_T,http://192.168.245.3:9898/monitor/lighting/3_64_1,841,NULL
TAG_3_64_2,changeImageGroup,untitle_1_3_64_2_T,http://192.168.245.3:9898/monitor/lighting/3_64_2,842,NULL
TAG_3_64_3,changeImageGroup,untitle_1_3_64_3_T,http://192.168.245.3:9898/monitor/lighting/3_64_3,843,NULL
TAG_3_64_4,changeImageGroup,untitle_1_3_64_4_T,http://192.168.245.3:9898/monitor/lighting/3_64_4,844,NULL
TAG_3_65_1,changeImageGroup,untitle_1_3_65_1_T,http://192.168.245.3:9898/monitor/lighting/3_65_1,845,NULL
TAG_3_65_2,changeImageGroup,untitle_1_3_65_2_T,http://192.168.245.3:9898/monitor/lighting/3_65_2,846,NULL
TAG_3_65_3,changeImageGroup,untitle_1_3_65_3_T,http://192.168.245.3:9898/monitor/lighting/3_65_3,847,NULL
TAG_3_65_4,changeImageGroup,untitle_1_3_65_4_T,http://192.168.245.3:9898/monitor/lighting/3_65_4,848,NULL
TAG_3_7_1,changeImageGroup,F06_1_3_7_1_T,http://192.168.245.3:9898/monitor/lighting/3_7_1,849,NULL
TAG_3_7_2,changeImageGroup,F06_1_3_7_2_T,http://192.168.245.3:9898/monitor/lighting/3_7_2,850,NULL
TAG_3_7_3,changeImageGroup,F06_1_3_7_3_T,http://192.168.245.3:9898/monitor/lighting/3_7_3,851,NULL
TAG_3_7_4,changeImageGroup,F06_1_3_7_4_T,http://192.168.245.3:9898/monitor/lighting/3_7_4,852,NULL
TAG_3_8_1,changeImageGroup,F06_1_3_8_1_T,http://192.168.245.3:9898/monitor/lighting/3_8_1,853,NULL
TAG_3_8_2,changeImageGroup,F06_1_3_8_2_T,http://192.168.245.3:9898/monitor/lighting/3_8_2,854,NULL
TAG_3_8_3,changeImageGroup,F06_1_3_8_3_T,http://192.168.245.3:9898/monitor/lighting/3_8_3,855,NULL
TAG_3_8_4,changeImageGroup,F06_1_3_8_4_T,http://192.168.245.3:9898/monitor/lighting/3_8_4,856,NULL
TAG_3_9_1,changeImageGroup,F06_1_3_9_1_T,http://192.168.245.3:9898/monitor/lighting/3_9_1,857,NULL
TAG_3_9_2,changeImageGroup,F06_1_3_9_2_T,http://192.168.245.3:9898/monitor/lighting/3_9_2,858,NULL
TAG_3_9_3,changeImageGroup,F06_1_3_9_3_T,http://192.168.245.3:9898/monitor/lighting/3_9_3,859,NULL
TAG_3_9_4,changeImageGroup,F06_1_3_9_4_T,http://192.168.245.3:9898/monitor/lighting/3_9_4,860,NULL